Review,Label
р╣Др╕Фр╣Йр╕гр╕▒р╕Ър╕кр╕┤р╕Щр╕Др╣Йр╕▓р╣Ар╕гр╕╡р╕вр╕Ър╕гр╣Йр╕нр╕вр╣Бр╕ер╣Йр╕з р╣Гр╕Щр╕кр╕ар╕▓р╕Юр╕Ыр╕Бр╕Хр╕┤р╕Фр╕╡ р╣Др╕бр╣Ир╣Др╕Фр╣Йр╕гр╕▒р╕Ър╕Др╕зр╕▓р╕бр╣Ар╕кр╕╡р╕вр╕лр╕▓р╕вр╕Ир╕▓р╕Бр╕Бр╕▓р╕гр╕Вр╕Щр╕кр╣Ир╕Зр╣Др╕Фр╣Др╕Ф р╕Хр╕гр╕Зр╕Хр╕▓р╕бр╕Др╕│р╕кр╕▒р╣Ир╕Зр╕Чр╕╡р╣Ир╣Др╕Фр╣Йр╕Бр╕Фр╕кр╕▒р╣Ир╕Зр╕Лр╕╖р╣Йр╕н р╕бр╕╡р╕лр╣Ир╕нр╕Бр╕▒р╕Щр╕Бр╕гр╕░р╣Бр╕Чр╕Бр╕Бр╕ер╣Ир╕нр╕Зр╕бр╕▓р╣Гр╕лр╣Й р╕Хр╕▒р╕зр╕кр╕┤р╕Щр╕Др╣Йр╕▓р╕Фр╕╡р╕Юр╕нр╕кр╕бр╕Др╕зр╕г р╣Ар╕лр╕бр╕▓р╕░р╕кр╕бр╕Бр╕▒р╕Ър╕гр╕▓р╕Др╕▓р╕Чр╕╡р╣Ир╕Ир╣Ир╕▓р╕вр╣Др╕Ы р╣Гр╕Кр╣Йр╕Зр╕▓р╕Щр╣Др╕Фр╣Йр╕Фр╕╡ р╕Чр╕▓р╕Зр╕гр╣Йр╕▓р╕Щр╕Ир╕▒р╕Фр╕кр╣Ир╕Зр╣Гр╕лр╣Йр╣Ар╕гр╣Зр╕зр╕Юр╕нр╕кр╕бр╕Др╕зр╕г р╕Юр╕Щр╕▒р╕Бр╕Зр╕▓р╕Щр╕Вр╕Щр╕кр╣Ир╕З р╕Щр╕│р╕кр╣Ир╕Зр╣Гр╕лр╣Йр╕Хр╕▓р╕бр╣Ар╕зр╕ер╕▓р╕Чр╕╡р╣Ир╕гр╕░р╕Ър╕Ър╕гр╕░р╕Ър╕╕р╕зр╕▒р╕Щ р╕гр╕зр╕бр╕гр╕зр╕бр╣Бр╕ер╣Йр╕з р╕Др╕╕р╣Йр╕бр╕Др╣Ир╕▓ р╕Др╕╕р╣Йр╕бр╕гр╕▓р╕Др╕▓р╕Щр╕░,0
р╣Др╕Фр╣Йр╕гр╕▒р╕Ър╕кр╕┤р╕Щр╕Др╣Йр╕▓ 4р╕зр╕▒р╕Щр╕Цр╕╢р╕Зр╕Ър╣Йр╕▓р╕Щ р╕бр╕▒р╕Щр╣Ар╕кр╕╡р╕вр╣Ар╕зр╕ер╕▓р╕Чр╕╡р╣Ир╕Вр╕Щр╕кр╣Ир╕Зр╕Ир╕▒р╕Фр╕кр╣Ир╕Зр╣Др╕Ыр╕ир╕╣р╕Щр╕вр╣Мр╕Др╕▒р╕Фр╣Бр╕вр╕Бр╕лр╕ер╕▓р╕вр╕Чр╕╡р╣И р╕Бр╕▓р╕гр╣Бр╕Юр╕Др╕кр╕┤р╕Щр╕Др╣Йр╕▓р╕Бр╣Зр╕Др╕╖р╕нр╣Ар╕нр╕▓р╕Ър╕▒р╕Ър╣Ар╕Ър╕┤р╣Йр╕ер╕лр╣Ир╕нр╕бр╕▓р╕Фр╕╖р╣Йр╕нр╣Жр╣Бр╕Ър╕Ър╕Щр╕╡р╣Йр╣Ар╕ер╕вр╣Бр╕Хр╣Ир╕Бр╣Зр╣Ар╕Вр╣Йр╕▓р╣Гр╕Ир╣Др╕Фр╣Йр╣Ар╕Юр╕гр╕▓р╕░р╕кр╕┤р╕Щр╕Др╣Йр╕▓р╕бр╕▒р╕Щр╕вр╕▓р╕зр╕лр╕▓р╕Бр╕ер╣Ир╕нр╕Зр╕вр╕▓р╕Б р╕Бр╕ер╣Ир╕нр╕Зр╕бр╕▒р╕Щр╣Ар╕нр╕Зр╕Фр╕╡р╕Чр╕╡р╣Ир╕кр╕╕р╕Фр╣Бр╕Хр╣Ир╕нр╕вр╕▓р╕Бр╣Гр╕лр╣Йр╕лр╣Ир╕нр╕лр╕Щр╕▓р╕Вр╕╢р╣Йр╕Щр╕нр╕╡р╕Бр╕Кр╕▒р╣Йр╕Щр╣Ар╕Юр╕гр╕▓р╕░р╕бр╕╕р╕бр╕Бр╕ер╣Ир╕нр╕Зр╕вр╣Ир╕Щ р╣Бр╕Хр╣Ир╣Гр╕Фр╣Жр╕Др╕╖р╕нр╕кр╕┤р╕Щр╕Др╣Йр╕▓р╣Гр╕Кр╣Йр╕Фр╕╡р╕бр╕▓р╕Б р╕Лр╕╖р╣Йр╕нр╣Ар╕Цр╕нр╕░ р╣Ар╕кр╕╡р╕вр╕Зр╕Бр╕Фр╣Ар╕Зр╕╡р╕вр╕Ър╕бр╕▓р╕Б р╕ер╕╖р╣Ир╕Щр╕бр╕▓р╕Б р╕Др╕╕р╕Ур╕ар╕▓р╕Юр╕Фр╕╡р╣Бр╕ер╕гр╕▓р╕Др╕▓р╣Др╕бр╣Ир╣Бр╕гр╕З,0
р╣Ар╕кр╕╖р╣Йр╕нр╕кр╕зр╕вр╕бр╕▓р╕Б р╣Ар╕Щр╕╖р╣Йр╕нр╕Ьр╣Йр╕▓р╣Др╕бр╣Ир╕лр╕Щр╕▓р╣Др╕бр╣Ир╕Ър╕▓р╕Зр╕Ир╕Щр╣Ар╕Бр╕┤р╕Щр╣Др╕Ыр╣Гр╕кр╣Ир╕кр╕Ър╕▓р╕вр╣Др╕бр╣Ир╕гр╣Йр╕нр╕Щ р╕Др╕╕р╣Йр╕бр╕гр╕▓р╕Др╕▓ р╕гр╕▓р╕Др╕▓р╣Др╕бр╣Ир╣Ар╣Ар╕Юр╕З р╕кр╣Ир╕зр╕Щр╕Хр╕▒р╕зр╕кр╕▒р╣Ир╕Зр╣Др╕Лр╕Хр╣М XXL р╕бр╕▓ р╣Ар╕Юр╕гр╕▓р╕░р╣Ар╕Ыр╣Зр╕Щр╕Др╕Щр╕Хр╕▒р╕зр╕кр╕╣р╕Зр╕Кр╕нр╕Ър╣Гр╕кр╣Ир╣Бр╕Ър╕Ър╕Хр╕▒р╕зр╣Гр╕лр╕Нр╣Ир╣Ж,0
р╣Ар╕кр╕╖р╣Йр╕нр╣Гр╕кр╣Ир╕кр╕Ър╕▓р╕в р╕ер╕▓р╕вр╕кр╕зр╕в р╕кр╕╡р╣Др╕бр╣Ир╕Хр╕Б р╕ер╕▓р╕вр╣Др╕бр╣Ир╕ер╕нр╕Б р╣Ар╕гр╕╡р╕вр╕Бр╕Зр╣Ир╕▓р╕вр╣Жр╕зр╣Ир╕▓р╕Фр╕╡р╕бр╕▓р╕Бр╕Др╣Ир╕░ р╕Др╕╕р╣Йр╕бр╕Др╣Ир╕▓р╕бр╕▓р╕Бр╣ЖтЬиЁЯСНЁЯЩЗ р╣Бр╕Щр╕░р╕Щр╕│р╕зр╣Ир╕▓р╣Гр╕лр╣Йр╕кр╕▒р╣Ир╕Зр╣Ар╕Ыр╣Зр╕Щ Over size р╣Др╕Ыр╣Ар╕ер╕вр╣Ар╕Юр╕гр╕▓р╕░р╕бр╕▒р╕Щр╕Ир╕░р╣Гр╕кр╣Ир╕кр╕Ър╕▓р╕вр╕кр╕╕р╕Фр╣Ж,0
"I feel good, the shirt is very beautiful. ЁЯе░ЁЯдйЁЯНЛЁЯлР Wanna be loved (Yeah) Don't wanna be fool, wanna be cool Wanna be loved ыДИьЩАьЭШ same love (ыДИьЩАьЭШ same love) Baby, I want it ыЛИъ░А ьШмыжмыКФ ыкиыУа ьВмьзДызИыЛд ьвЛьХДьЪФ ыВиы░ЬэХШыКФ ь▓ШьЭМ ы│┤ыКФ ьаА ыВиьЮР (ыИДъ╡мьХ╝) ьХД ызЮыЛд ыВШ ьЭ┤ьаЬ ыВиьЮРь╣Ьъ╡м ьХДыЛИьзА ьЮРьЧ░ьКдыаИ ыЛИ ы▓ИэШ╕ ыИМыаАьЮЦьХД ьаДэЩФыВШ ь╣┤эЖбэХШьЮРыЛИ ъ╝н ьзАыКФ ъ▓Г ъ░Щъ│а ынРыЭ╝ыПД ьХИ эХШый┤ ыВа ьЛаъ▓╜ыПД ьХИ ьУ╕ ъ▓Г ъ░ЩьХД",1
р╣Ар╕гр╕▓р╕Кр╕нр╕Ър╕Ьр╕ер╕┤р╕Хр╕ар╕▒р╕Ур╕Ср╣Мр╕Вр╕нр╕Зр╕Фр╕г. р╕Юр╕Зр╕йр╣Мр╕бр╕▓р╕Др╣Ир╕░р╣Ар╕Др╕вр╣Гр╕Кр╣Йр╣Бр╕ер╣Йр╕зр╕гр╕╣р╣Йр╕кр╕╢р╕Бр╕зр╣Ир╕▓р╕бр╕▒р╕Щ.р╕бр╕╡р╕Ыр╕гр╕░р╕кр╕┤р╕Чр╕Шр╕┤р╕ар╕▓р╕Юр╕лр╕Щр╣Йр╕▓р╕Щр╕┤р╣Ир╕бр╕гр╕▓р╕Др╕▓р╕Бр╣Зр╕Юр╕нр╕кр╕╣р╣Йр╣Др╕Фр╣Йр╕Хр╕▒р╣Йр╕Зр╣Гр╕Ир╕зр╣Ир╕▓р╕Ир╕░р╣Гр╕Кр╣Йр╕Хр╣Ир╕нр╣Др╕Ыр╕вр╕▓р╕зр╣Жр╣Ар╕Юр╕гр╕▓р╕░р╣Ар╕лр╣Зр╕Щр╕Ьр╕ер╕Фр╕╡р╕Ир╕гр╕┤р╕Зр╣Жр╕Др╣Ир╕░р╕Чр╕╡р╣Ир╕кр╕│р╕Др╕▒р╕Нр╕кр╣Ир╕Зр╣Др╕зр╕бр╕▓р╕Бр╕Фр╣Йр╕зр╕вр╕Щр╕░р╣Бр╕Щр╕░р╕Щр╕│р╕Др╣Ир╕░р╕гр╣Йр╕▓р╕Щр╕Щр╕╡р╣Й 10 10 10,0
р╣Ар╕Лр╕гр╕▒р╣Ир╕бр╕Кр╕░р╕ер╕нр╕нр╕▓р╕вр╕╕р╕Ьр╕┤р╕з р╕ер╕Фр╕гр╕┤р╣Йр╕зр╕гр╕нр╕в Dr.Pong р╕Лр╕╖р╣Йр╕нр╣Ар╕Ыр╣Зр╕Щр╕Др╕гр╕▒р╣Йр╕Зр╣Бр╕гр╕Б р╣Др╕Фр╣Йр╕гр╕▓р╕Др╕▓р╕Юр╕┤р╣Ар╕ир╕й8/8 р╣Ар╕Юр╕╖р╣Ир╕нр╕Чр╕Фр╕ер╕нр╕Зр╣Гр╕Кр╣Йр╕Лр╕╢р╣Ир╕Зр╕бр╕╡р╕Др╕╣р╣Ир╕бр╕╖р╕нр╕Бр╕▓р╕гр╣Гр╕Кр╣Йр╕Ьр╕ер╕┤р╕Хр╕ар╕▒р╕Ур╕Ср╣М р╕Лр╕╢р╣Ир╕Зр╕бр╕╡р╕лр╕ер╕▓р╕вр╕нр╕вр╣Ир╕▓р╕Зр╕Хр╕гр╕Зр╕Бр╕▒р╕Ър╕Чр╕╡р╣Ир╕Хр╣Йр╕нр╕Зр╕Бр╕▓р╕г р╕кр╕░р╕Фр╕зр╕Бр╕Чр╕╡р╣Ир╕Ир╕░р╕кр╕▒р╣Ир╕Зр╕Чр╕▓р╕Зр╕нр╕нр╕Щр╣Др╕ер╕Щр╣Мр╣Бр╕Юр╣Зр╕Др╕Бр╕┤р╣Йр╕Зр╕Фр╕╡ р╕Ир╕▒р╕Фр╕кр╣Ир╕Зр╕гр╕зр╕Фр╣Ар╕гр╣Зр╕зр╕Др╣Ир╕░,0
р╕кр╕┤р╕Щр╕Фр╣Йр╕▓р╕Фр╕╡р╕бр╕▓р╕Бр╕Бр╕Б р╕Др╕╕р╣Йр╕бр╕Др╣Ир╕▓р╕Др╕╕р╣Йр╕бр╕гр╕▓р╕Др╕▓ р╣Ар╕лр╕бр╕▓р╕░р╕кр╕бр╕Бр╕▒р╕Ър╕гр╕▓р╕Др╕▓р╕Чр╕╡р╣Ир╣Ар╕кр╕╡р╕вр╣Др╕Ы р╕кр╕┤р╕Щр╕Др╣Йр╕▓р╕Фр╕╡р╣Ар╕Бр╕┤р╕Щр╕гр╕▓р╕Др╕▓р╕бр╕▓р╕Бр╕Бр╕Бр╕Бр╕Бр╕Бр╕Бр╕Б р╕Др╕╕р╣Йр╕бр╕Др╣Ир╕▓ р╕Др╕╕р╕Ур╕ар╕▓р╕Юр╕Фр╕╡р╕бр╕▓р╕Бр╕Бр╕Бр╕Бр╕Бр╕Бр╕Б,0
р╕Вр╕нр╕Зр╕Др╕гр╕Ър╣Ар╕гр╕╡р╕вр╕Ър╕гр╣Йр╕нр╕вр╕Фр╕╡р╕Др╣Ир╕░ р╕кр╣Ир╕Зр╕Ир╕▓р╕Бр╕Хр╣Ир╕▓р╕Зр╕Ыр╕гр╕░р╣Ар╕Чр╕ир╕гр╕нр╕Вр╕нр╕Зр╕Ыр╕гр╕░р╕бр╕▓р╕Ур╕нр╕▓р╕Чр╕┤р╕Хр╕вр╣Мр╕Бр╕зр╣Ир╕▓ р╕гр╕зр╕Фр╣Ар╕гр╣Зр╕зр╕Фр╕╡р╕Др╣Ир╕░ эГРэЧШьЭД ыЦаыВШъ░И ъ▒░ьХ╝ right now Young and free ыСРыадьЪ╕ ъ▒┤ ьЧЖьЮЦьХД ьЦ┤ыФФыУа ьХДьзАэК╕ъ░А ыРа ъ▒░ьХ╝ ьЪ░ьг╝ыбЬ ъ░АьЮР like an astronaut,1
"р╕гр╕бр╕нр╕╕р╕Хр╕╕р╕Щр╕┤р╕вр╕бр╕зр╕┤р╕Чр╕вр╕▓--р╕Юр╕вр╕▓р╕Бр╕гр╕Ур╣Мр╕нр╕▓р╕Бр╕▓р╕и 7 р╕зр╕▒р╕Щр╕Вр╣Йр╕▓р╕Зр╕лр╕Щр╣Йр╕▓ - tmd р╕гр╕░р╕лр╕зр╣Ир╕▓р╕Зр╕зр╕▒р╕Щр╕Чр╕╡р╣И 30 р╕Бр╕гр╕Бр╕Пр╕▓р╕Др╕б 2565 - 5 р╕кр╕┤р╕Зр╕лр╕▓р╕Др╕б 2565. р╕Бр╕▓р╕гр╕Др╕▓р╕Фр╕лр╕бр╕▓р╕в, р╕нр╕▓р╕Бр╕▓р╕и р╣Гр╕Щр╕Кр╣Ир╕зр╕Зр╕зр╕▒р╕Щр╕Чр╕╡р╣И 30 р╕Б.р╕Д. тАУ 1 р╕к.р╕Д. 65 р╕бр╕гр╕кр╕╕р╕бр╕Хр╕░р╕зр╕▒р╕Щр╕Хр╕Бр╣Ар╕Йр╕╡р╕вр╕Зр╣Гр╕Хр╣Йр╕Бр╕│р╕ер╕▒р╕Зр╕Ыр╕▓р╕Щр╕Бр╕ер╕▓р╕Зр╕Юр╕▒р╕Фр╕Ыр╕Бр╕Др╕ер╕╕р╕бр╕Чр╕░р╣Ар╕ер╕нр╕▒р╕Щр╕Фр╕▓р╕бр╕▒р╕Щ ... р╕ар╕▓р╕Др╣Гр╕Хр╣Й (р╕Эр╕▒р╣Ир╕Зр╕Хр╕░р╕зр╕▒р╕Щр╕нр╕нр╕Б): р╕бр╕╡р╕Эр╕Щр╕Яр╣Йр╕▓р╕Др╕░р╕Щр╕нр╕Зр╕гр╣Йр╕нр╕вр╕ер╕░ 40-60 р╕Вр╕нр╕Зр╕Юр╕╖р╣Йр╕Щр╕Чр╕╡р╣Ир╕Хр╕ер╕нр╕Фр╕Кр╣Ир╕зр╕З р╣Бр╕ер╕░р╕бр╕╡р╕Эр╕Щр╕Хр╕Бр╕лр╕Щр╕▒р╕Бр╕Ър╕▓р╕Зр╣Бр╕лр╣Ир╕З ... р╕а",1
р╕кр╕┤р╕Щр╕Др╣Йр╕▓р╕Хр╕гр╕Зр╕Ыр╕Б р╕кр╕зр╕вр╕бр╕▓р╕Б р╕Др╕╕р╕Ур╕ар╕▓р╕Юр╕Др╕╕р╕Ур╕гр╕▓р╕Др╕▓р╣Ар╕лр╕бр╕▓р╕░р╕кр╕б р╕кр╕╡р╕Фр╕│р╣Др╕бр╣Ир╕кр╕╡р╕Кр╕│р╕гр╕╕р╕Ф р╣Бр╕Хр╣Ир╕гр╕нр╕Вр╕нр╕Зр╕Щр╕▓р╕Щр╕Щр╕┤р╕Фр╕Щр╕╢р╕З р╣Бр╕Хр╣Ир╕Др╕╕р╣Йр╕бр╕Бр╕▒р╕Ър╕гр╕▓р╕Др╕▓р╣Бр╕ер╕░р╕кр╕ар╕▓р╕Юр╕Вр╕нр╕Зр╕кр╕┤р╕Щр╕Др╣Йр╕▓,0
р╣Др╕Фр╣Йр╕гр╕▒р╕Ър╕кр╕┤р╕Щр╕Др╣Йр╕▓р╣Др╕бр╣Ир╕Хр╕гр╕Зр╕Бр╕▒р╕Ър╕гр╕╣р╕Ыр╕ар╕▓р╕Юр╕Чр╕╡р╣Ир╣Вр╕Кр╕зр╣Мр╕Вр╕▓р╕в р╕кр╕┤р╕Щр╕Др╣Йр╕▓р╣Ар╕Ыр╣Зр╕Щр╕кр╕╡р╕Вр╕▓р╕зр╕Чр╕▒р╣Йр╕Зр╕лр╕бр╕Фр╣Бр╕ер╣Йр╕зр╣Бр╕Ыр╕░р╕кр╕Хр╕┤р╣Кр╕Бр╣Ар╕Бр╕нр╕гр╣Мр╣Бр╕вр╕Бр╕кр╕╡р╣Ар╕нр╕▓ р╣Бр╕Хр╣Ир╕Чр╕╡р╣Ир╣Вр╕Кр╕зр╣Мр╣Ар╕Ыр╣Зр╕Щр╕Юр╕ер╕▓р╕кр╕Хр╕┤р╕Бр╕кр╕╡р╣Ж р╣Бр╕Хр╣Ир╕ер╕░р╕лр╕Щр╣Йр╕▓р╣Др╕Ыр╣Ар╕ер╕в р╕Чр╕╡р╣Ир╣Гр╕лр╣Йр╕Фр╕▓р╕зр╕Щр╣Йр╕нр╕вр╣Ар╕Юр╕гр╕▓р╕░р╕нр╕вр╕▓р╕Бр╣Др╕Фр╣Йр╕Хр╕▓р╕бр╕гр╕╣р╕Ыр╕Чр╕╡р╣Ир╣Вр╕Кр╕зр╣М р╕кр╣Ир╕зр╕Щр╕Др╕зр╕▓р╕бр╕ер╕╖р╣Ир╕Щр╕Вр╕нр╕Зр╕гр╕╣р╕Ър╕┤р╕Др╕Бр╣Зр╣Вр╕нр╣Ар╕Др╣Ар╕ер╕в р╕кр╣Ир╕Зр╣Ар╕гр╣Зр╕зр╕кр╣Ир╕Зр╣Др╕з р╣Ар╕гр╕╖р╣Ир╕нр╕Зр╕нр╕╖р╣Ир╕Щр╣Др╕бр╣Ир╕Хр╕┤р╕Фр╕нр╕░р╣Др╕г р╕Хр╕┤р╕Фр╣Ар╕гр╕╖р╣Ир╕нр╕Зр╣Др╕бр╣Ир╕Хр╕гр╕Зр╕Ыр╕Бр╕нр╕вр╣Ир╕▓р╕Зр╣Ар╕Фр╕╡р╕вр╕з р╕Вр╕нр╣Гр╕лр╣Йр╣Бр╕Др╣И 3 р╕Фр╕▓р╕зр╕Др╕гр╕▒р╕Ъ,0
р╕Цр╕╣р╕Бр╣Гр╕Ир╕Ир╕Ир╕Ир╕Ир╕Ир╕Ир╕Ир╕Хр╕Хр╕Ир╕Ир╕Ир╕Ир╕Ир╕Ир╕Ир╕Ир╕Ир╕Ир╕Ир╕Ир╕Ир╕Ир╕Ир╕Ир╕Ир╕Ир╕Ир╕Ир╕Ир╕Ир╕Ир╕Ир╕Ир╕Ир╕Ир╕Ир╕Ир╕Ир╕Ир╕Ир╕Ир╕Ир╕Ир╕Ир╕Ир╕Ир╕Ир╕Ир╕Ир╕Ир╕Ир╕Ир╕Ир╕Ир╕Ир╕Ир╕Ир╕Ир╕Ир╕Ир╕Ир╕Ир╕Ир╕Ир╕Ир╕Ир╕Ир╕Ир╕Ир╕Ир╕Ир╕Ир╕Ир╕Ир╕Ир╕Ир╕Ир╕Ир╕Ир╕Ир╕Ир╕Ир╕Ир╕Ир╕Ир╕Ир╕Ир╕Ир╕Ир╕Ир╕Ир╕Ир╕Ир╕Ир╕Ир╕И,1
р╕лр╕▒р╕Бр╕Др╕░р╣Бр╕Щр╕Щр╣Ар╕Юр╕гр╕▓р╕░р╕Чр╕▓р╕Зр╕гр╣Йр╕▓р╕Щр╣Др╕бр╣Ир╕бр╕╡р╕Др╕зр╕▓р╕бр╕гр╕▒р╕Ър╕Ьр╕┤р╕Фр╕Кр╕нр╕Ър╣Гр╕Щр╕Бр╕▓р╕гр╕лр╣Ир╕нр╕кр╕┤р╕Щр╕Др╣Йр╕▓р╣Гр╕лр╣Йр╕Фр╕╡ р╕Др╕зр╕гр╕бр╕╡р╕Бр╕▒р╕Щр╕Бр╕гр╕░р╣Бр╕Чр╕Бр╕лр╣Ир╕нр╕бр╕▓р╕Фр╣Йр╕зр╕в р╣Ар╕Юр╕╖р╣Ир╕нр╣Гр╕лр╣Йр╕кр╕┤р╕Щр╕Др╣Йр╕▓р╣Др╕бр╣Ир╣Др╕Фр╣Йр╕Щр╕▒р╕Ър╕Др╕зр╕▓р╕бр╣Ар╕кр╕╡р╕вр╕лр╕▓р╕в р╕Щр╕╡р╣Ир╕нр╕░р╣Др╕г р╕Бр╕ер╣Ир╕нр╕Зр╣Гр╕кр╣Ир╕Цр╕╕р╕Зр╕Юр╕▒р╕кр╕Фр╕╕ р╕Бр╕зр╣Ир╕▓р╕Ир╕░р╕Цр╕╢р╕Зр╕бр╕╖р╕нр╕Ьр╕╣р╣Йр╕гр╕▒р╕Ъ р╕Бр╕ер╣Ир╕нр╕Зр╣Ар╕вр╕┤р╕Щ р╕Цр╕╕р╕Зр╕Вр╕▓р╕Ф р╕Др╕зр╕гр╕Ир╕░р╣Гр╕кр╣Ир╣Гр╕Ир╣Гр╕Щр╕Бр╕▓р╕гр╕лр╕╡р╕Ър╕лр╣Ир╕нр╕бр╕▓р╕Бр╕Бр╕зр╣Ир╕▓р╕Щр╕╡р╣Йр╕Щр╕░р╕Др╣Ир╕░ р╣Ар╕Юр╕╖р╣Ир╕нр╕Др╕░р╣Бр╕Щр╕Щр╕кр╕╣р╕Зр╕кр╕╕р╕Фр╣Бр╕ер╕░р╕кр╕┤р╕Щр╕Др╣Йр╕▓р╕Чр╕╡р╣Ир╕бр╕╡р╕кр╕ар╕▓р╕Ю 100% р╣Ар╕бр╕╖р╣Ир╕нр╕Цр╕╢р╕Зр╕бр╕╖р╕нр╕Ьр╕╣р╣Йр╕гр╕▒р╕Ъ,0
р╕кр╕зр╕вр╕бр╕▓р╕Бр╕Бр╕Бр╕Бр╕Бр╕Бр╕Бр╕Бр╕Бр╕Бр╕Бр╕Бр╕Бр╕Бр╕Бр╕Бр╕Б р╕Цр╕╣р╕Бр╣Гр╕Ир╕бр╕▓р╕Бр╕Бр╕Бр╕Бр╕Бр╕Бр╕Бр╕Бр╕Бр╕Бр╕Бр╕Бр╕Бр╕Бр╕Бр╕Б р╕гр╕▓р╕Др╕▓р╕Фр╕╖р╕нр╕бр╕▓р╕Бр╕Бр╕Бр╕Бр╕Бр╕Бр╕Бр╕Бр╕Бр╕Бр╕Бр╕Бр╕Бр╕Б р╕кр╣Ир╕Зр╣Ар╕гр╣Зр╕зр╕бр╕▓р╕Бр╕Бр╕Бр╕Бр╕Бр╕Бр╕Б р╕кр╕▒р╣Ир╕З10/10/64 р╕кр╣Ир╕З 12/10/64 р╣Ар╕гр╕▓р╣Ар╕Ыр╣Зр╕Щр╕Др╕Щр╕Вр╣Йр╕нр╕бр╕╖р╕нр╣Гр╕лр╕Нр╣И р╣Ар╕ер╕вр╣Гр╕кр╣Ир╣Др╕Фр╣Йр╕Юр╕нр╕Фр╕╡р╣Др╕бр╣Ир╕Щр╣Ир╕▓р╣Ар╕Бр╕╡р╕вр╕И р╕кр╕┤р╕Щр╕Др╣Йр╕▓р╕кр╕зр╕вр╣Др╕бр╣Ир╕бр╕╡р╕Хр╕│р╕лр╕Щр╕┤ р╕нр╕╕р╕Ыр╕Бр╕гр╕Ур╣Мр╕Др╕гр╕Ъ р╕гр╕нр╕Ър╕лр╕Щр╣Йр╕▓р╕нр╕╕р╕Фр╕лр╕Щр╕╕р╕Щр╣Ар╕Юр╕┤р╣Ир╕бр╕нр╕╡р╕Бр╣Бр╕Щр╣Ир╕Щр╕нр╕Щр╕Др╣Ир╕░,1
р╕Хр╣Йр╕бр╣Др╕Вр╣Ир╣Др╕Яр╕Яр╣Йр╕▓р╣Бр╕ер╕░р╕Щр╕╢р╣Ир╕Зр╕нр╕▓р╕лр╕▓р╕г р╣Др╕Фр╣Йр╕гр╕▒р╕Ър╕кр╕┤р╕Щр╕Др╣Йр╕▓р╣Бр╕ер╣Йр╕з р╣Бр╕Юр╣Зр╕Др╕бр╕▓р╣Др╕бр╣Ир╕Фр╕╡р╣Ар╕Чр╣Ир╕▓р╣Др╕лр╕гр╣Ир╕Бр╕ер╣Ир╕нр╕Зр╕Ър╕╕р╕Ър╕Фр╕╡р╕зр╣Ир╕▓р╕ар╕▓р╕вр╣Гр╕Щр╣Др╕бр╣Ир╣Ар╕кр╕╡р╕вр╕лр╕▓р╕в р╕Хр╕▒р╕зр╣Ар╕ер╕╖р╕нр╕Бр╕кр╕┤р╕Щр╕Др╣Йр╕▓р╕кр╕╡р╕Вр╕▓р╕з р╕зр╕▒р╕кр╕Фр╕╕р╕Вр╕нр╕Зр╕кр╕┤р╕Щр╕Др╣Йр╕▓р╕Ър╕нр╕Ър╕Ър╕▓р╕Зр╕Юр╕нр╣Ар╕лр╕бр╕▓р╕░р╕Бр╕▒р╕Ър╕гр╕▓р╕Др╕▓ р╕Чр╕│р╣Гр╕лр╣Йр╕нр╕▓р╕Ир╕Ир╕░р╣Др╕бр╣Ир╕Чр╕Щр╣Ар╕Чр╣Ир╕▓р╣Др╕лр╕гр╣И,0
р╕кр╣Ир╕Зр╕Зр╕Зр╕Зр╣Др╕зр╕зр╕зр╕з р╕кр╕зр╕вр╕вр╕вр╕вр╕Фр╕╡ р╕Вр╕нр╣Гр╕лр╣Йр╣Бр╕Чр╣Й р╣Ар╕Юр╕╡р╣Йр╕вр╕Зр╕Зр╕Зр╕Зр╕кр╣Ир╕Зр╕Зр╕Зр╕Зр╣Др╕зр╕зр╕зр╕з р╕кр╕зр╕вр╕вр╕вр╕вр╕Фр╕╡ р╕Вр╕нр╣Гр╕лр╣Йр╣Бр╕Чр╣Й р╣Ар╕Юр╕╡р╣Йр╕вр╕Зр╕Зр╕Зр╕Зр╕кр╣Ир╕Зр╕Зр╕Зр╕Зр╣Др╕зр╕зр╕зр╕з р╕кр╕зр╕вр╕вр╕вр╕вр╕Фр╕╡ р╕Вр╕нр╣Гр╕лр╣Йр╣Бр╕Чр╣Й р╣Ар╕Юр╕╡р╣Йр╕вр╕Зр╕Зр╕Зр╕Зр╕кр╣Ир╕Зр╕Зр╕Зр╕Зр╣Др╕зр╕зр╕зр╕з р╕кр╕зр╕вр╕вр╕вр╕вр╕Фр╕╡ р╕Вр╕нр╣Гр╕лр╣Йр╣Бр╕Чр╣Й р╣Ар╕Юр╕╡р╣Йр╕вр╕Зр╕Зр╕Зр╕З,1
р╕кр╣Ир╕Зр╣Др╕з р╕Др╕╕р╕Ур╕ар╕▓р╕Юр╕Фр╕╡р╣Ар╕Бр╕┤р╕Щр╕Др╕▓р╕Ф р╕Др╕╕р╣Йр╕бр╕Др╣Ир╕▓р╕бр╕▓р╕Бр╣Ж р╕кр╣Ир╕Зр╣Др╕з р╕Др╕╕р╕Ур╕ар╕▓р╕Юр╕Фр╕╡р╣Ар╕Бр╕┤р╕Щр╕Др╕▓р╕Ф р╕Др╕╕р╣Йр╕бр╕Др╣Ир╕▓р╕бр╕▓р╕Бр╣Ж р╕кр╣Ир╕Зр╣Др╕з р╕Др╕╕р╕Ур╕ар╕▓р╕Юр╕Фр╕╡р╣Ар╕Бр╕┤р╕Щр╕Др╕▓р╕Ф р╕Др╕╕р╣Йр╕бр╕Др╣Ир╕▓р╕бр╕▓р╕Бр╣Ж р╕кр╣Ир╕Зр╣Др╕з р╕Др╕╕р╕Ур╕ар╕▓р╕Юр╕Фр╕╡р╣Ар╕Бр╕┤р╕Щр╕Др╕▓р╕Ф р╕Др╕╕р╣Йр╕бр╕Др╣Ир╕▓р╕бр╕▓р╕Бр╣Ж р╕кр╣Ир╕Зр╣Др╕з р╕Др╕╕р╕Ур╕ар╕▓р╕Юр╕Фр╕╡р╣Ар╕Бр╕┤р╕Щр╕Др╕▓р╕Ф р╕Др╕╕р╣Йр╕бр╕Др╣Ир╕▓р╕бр╕▓р╕Бр╣Ж р╕кр╣Ир╕Зр╣Др╕з р╕Др╕╕р╕Ур╕ар╕▓р╕Юр╕Фр╕╡р╣Ар╕Бр╕┤р╕Щр╕Др╕▓р╕Ф р╕Др╕╕р╣Йр╕бр╕Др╣Ир╕▓р╕бр╕▓р╕Бр╣Ж р╕кр╣Ир╕Зр╣Др╕з р╕Др╕╕р╕Ур╕ар╕▓р╕Юр╕Фр╕╡р╣Ар╕Бр╕┤р╕Щр╕Др╕▓р╕Ф р╕Др╕╕р╣Йр╕бр╕Др╣Ир╕▓р╕бр╕▓р╕Бр╣Ж р╕кр╣Ир╕Зр╣Др╕з р╕Др╕╕р╕Ур╕ар╕▓р╕Юр╕Фр╕╡р╣Ар╕Бр╕┤р╕Щр╕Др╕▓р╕Ф р╕Др╕╕р╣Йр╕бр╕Др╣Ир╕▓р╕бр╕▓р╕Бр╣Ж р╕кр╣Ир╕Зр╣Др╕з р╕Др╕╕р╕Ур╕ар╕▓р╕Юр╕Фр╕╡р╣Ар╕Бр╕┤р╕Щр╕Др╕▓р╕Ф,1
р╕кр╕┤р╕Щр╕Др╣Йр╕▓р╕Др╕╕р╕Ур╕ар╕▓р╕Юр╕Фр╕╡р╕бр╕▓р╕Бр╣Ж р╕Ир╕▒р╕Фр╕кр╣Ир╕Зр╣Ар╕гр╣Зр╕з р╕Др╕╕р╣Йр╕бр╕Др╣Ир╕▓ р╕кр╕┤р╕Щр╕Др╣Йр╕▓р╕Др╕╕р╕Ур╕ар╕▓р╕Юр╕Фр╕╡р╕бр╕▓р╕Бр╣Ж р╕Ир╕▒р╕Фр╕кр╣Ир╕Зр╣Ар╕гр╣Зр╕з р╕Др╕╕р╣Йр╕бр╕Др╣Ир╕▓ р╕кр╕┤р╕Щр╕Др╣Йр╕▓р╕Др╕╕р╕Ур╕ар╕▓р╕Юр╕Фр╕╡р╕бр╕▓р╕Бр╣Ж р╕Ир╕▒р╕Фр╕кр╣Ир╕Зр╣Ар╕гр╣Зр╕з р╕Др╕╕р╣Йр╕бр╕Др╣Ир╕▓ р╕кр╕┤р╕Щр╕Др╣Йр╕▓р╕Др╕╕р╕Ур╕ар╕▓р╕Юр╕Фр╕╡р╕бр╕▓р╕Бр╣Ж р╕Ир╕▒р╕Фр╕кр╣Ир╕Зр╣Ар╕гр╣Зр╕з р╕Др╕╕р╣Йр╕бр╕Др╣Ир╕▓ р╕кр╕┤р╕Щр╕Др╣Йр╕▓р╕Др╕╕р╕Ур╕ар╕▓р╕Юр╕Фр╕╡р╕бр╕▓р╕Бр╣Ж р╕Ир╕▒р╕Фр╕кр╣Ир╕Зр╣Ар╕гр╣Зр╕з р╕Др╕╕р╣Йр╕бр╕Др╣Ир╕▓ р╕кр╕┤р╕Щр╕Др╣Йр╕▓р╕Др╕╕р╕Ур╕ар╕▓р╕Юр╕Фр╕╡р╕бр╕▓р╕Бр╣Ж р╕Ир╕▒р╕Фр╕кр╣Ир╕Зр╣Ар╕гр╣Зр╕з р╕Др╕╕р╣Йр╕бр╕Др╣Ир╕▓ р╕кр╕┤р╕Щр╕Др╣Йр╕▓р╕Др╕╕р╕Ур╕ар╕▓р╕Юр╕Фр╕╡р╕бр╕▓р╕Бр╣Ж р╕Ир╕▒р╕Фр╕кр╣Ир╕Зр╣Ар╕гр╣Зр╕з р╕Др╕╕р╣Йр╕бр╕Др╣Ир╕▓ р╕кр╕┤р╕Щр╕Др╣Йр╕▓р╕Др╕╕р╕Ур╕ар╕▓р╕Юр╕Фр╕╡р╕бр╕▓р╕Бр╣Ж р╕Ир╕▒р╕Фр╕кр╕┤р╕Щр╕Др╣Йр╕▓р╕Др╕╕р╕Ур╕ар╕▓р╕Ю,1
р╣Др╕Фр╣Йр╕гр╕▒р╕Ър╕кр╕┤р╕Щр╕Др╣Йр╕▓р╣Бр╕ер╣Йр╕зр╕Щр╕░р╕Др╕░ Cf р╕Кр╣Ир╕зр╕З 11.11 р╕Др╕╕р╣Йр╕бр╕бр╕▓р╕Бр╣Жр╣Жр╣Ар╕ер╕вр╕Ир╣Йр╕▓ р╣Др╕Фр╣Йр╕гр╕▒р╕Ър╕кр╕┤р╕Щр╕Др╣Йр╕▓р╣Бр╕ер╣Йр╕зр╕Щр╕░р╕Др╕░ Cf р╕Кр╣Ир╕зр╕З 11.11 р╕Др╕╕р╣Йр╕бр╕бр╕▓р╕Бр╣Жр╣Жр╣Ар╕ер╕вр╕Ир╣Йр╕▓ р╣Др╕Фр╣Йр╕гр╕▒р╕Ър╕кр╕┤р╕Щр╕Др╣Йр╕▓р╣Бр╕ер╣Йр╕зр╕Щр╕░р╕Др╕░ Cf р╕Кр╣Ир╕зр╕З 11.11 р╕Др╕╕р╣Йр╕бр╕бр╕▓р╕Бр╣Жр╣Жр╣Ар╕ер╕вр╕Ир╣Йр╕▓ р╣Др╕Фр╣Йр╕гр╕▒р╕Ър╕кр╕┤р╕Щр╕Др╣Йр╕▓р╣Бр╕ер╣Йр╕зр╕Щр╕░р╕Др╕░ Cf р╕Кр╣Ир╕зр╕З 11.11 р╕Др╕╕р╣Йр╕бр╕бр╕▓р╕Бр╣Жр╣Жр╣Ар╕ер╕вр╕Ир╣Йр╕▓ р╣Др╕Фр╣Йр╕гр╕▒р╕Ър╕кр╕┤р╕Щр╕Др╣Йр╕▓р╣Бр╕ер╣Йр╕зр╕Щр╕░р╕Др╕░ Cf р╕Кр╣Ир╕зр╕З 11.11 р╕Др╕╕р╣Йр╕бр╕бр╕▓р╕Бр╣Жр╣Жр╣Ар╕ер╕вр╕Ир╣Йр╕▓ р╣Др╕Фр╣Йр╕гр╕▒р╕Ър╕кр╕┤р╕Щр╕Др╣Йр╕▓р╣Бр╕ер╣Йр╕зр╕Щр╕░р╕Др╕░ Cf р╕Кр╣Ир╕зр╕З 11.11,1
р╣Др╕Фр╣Йр╕гр╕▒р╕Ър╕кр╕┤р╕Щр╕Др╣Йр╕▓р╣Бр╕ер╣Йр╕зр╕Др╕░ р╕Ир╕▒р╕Фр╕кр╣Ир╕Зр╕гр╕зр╕Фр╣Ар╕гр╣Зр╕зр╕Фр╕╡р╕Др╕░ р╕Др╕╕р╣Йр╕бр╕Др╣Ир╕▓р╕Бр╕▒р╕Ър╕гр╕▓р╕Др╕▓р╕бр╕▓р╕Бр╕Др╕░ ЁЯШД р╣Др╕Фр╣Йр╕гр╕▒р╕Ър╕кр╕┤р╕Щр╕Др╣Йр╕▓р╣Бр╕ер╣Йр╕зр╕Др╕░ р╕Ир╕▒р╕Фр╕кр╣Ир╕Зр╕гр╕зр╕Фр╣Ар╕гр╣Зр╕зр╕Фр╕╡р╕Др╕░ р╕Др╕╕р╣Йр╕бр╕Др╣Ир╕▓р╕Бр╕▒р╕Ър╕гр╕▓р╕Др╕▓р╕бр╕▓р╕Бр╕Др╕░ ЁЯШД р╣Др╕Фр╣Йр╕гр╕▒р╕Ър╕кр╕┤р╕Щр╕Др╣Йр╕▓р╣Бр╕ер╣Йр╕зр╕Др╕░ р╕Ир╕▒р╕Фр╕кр╣Ир╕Зр╕гр╕зр╕Фр╣Ар╕гр╣Зр╕зр╕Фр╕╡р╕Др╕░ р╕Др╕╕р╣Йр╕бр╕Др╣Ир╕▓р╕Бр╕▒р╕Ър╕гр╕▓р╕Др╕▓р╕бр╕▓р╕Бр╕Др╕░,1
р╣Др╕Фр╣Йр╕гр╕▒р╕Ър╕кр╕┤р╕Щр╕Др╣Йр╕▓р╣Ар╕гр╕╡р╕вр╕Ър╕гр╣Йр╕нр╕вр╣Бр╕ер╣Йр╕зр╕Др╣Ир╕░ р╕Цр╕╕р╕Зр╣Ар╕Чр╣Йр╕▓р╕Щр╕▒р╕Бр╣Ар╕гр╕╡р╕вр╕Щр╣Ар╕Бр╕гр╕Ф A р╕кр╕╡р╕Вр╕▓р╕зр╕Юр╕╖р╣Йр╕Щр╣Ар╕Чр╕▓ р╕Вр╣Йр╕нр╕кр╕▒р╣Йр╕Щ р╕кр╕┤р╕Щр╕Др╣Йр╕▓р╕Хр╕гр╕Зр╕Хр╕▓р╕бр╕гр╕╣р╕Ы р╣Ар╕Щр╕╖р╣Йр╕нр╕Ьр╣Йр╕▓р╕Фр╕╡ р╕лр╕Щр╕▓р╕Щр╕╕р╣Ир╕бр╕Др╣Ир╕░ р╕Др╕╕р╣Йр╕бр╕бр╕▓р╕Бр╣Гр╕Щр╕гр╕▓р╕Др╕▓р╣Вр╕Ыр╕г р╕Ир╕▒р╕Фр╕нр╕╡р╕Бр╕Щр╕░р╕Др╣Ир╕░,0
р╕Цр╕╕р╕Зр╣Ар╕Чр╣Йр╕▓р╣Ар╕Щр╕╖р╣Йр╕нр╕Ьр╣Йр╕▓р╕Щр╕╕р╣Ир╕б р╣Гр╕кр╣Ир╕кр╕Ър╕▓р╕в р╕Ир╕▒р╕Фр╕кр╣Ир╕Зр╣Ар╕гр╣Зр╕з р╣Бр╕Юр╕Др╕Вр╕нр╕Зр╕бр╕▓р╕Фр╕╡ р╕гр╕▓р╕Др╕▓р╕Цр╕╣р╕Бр╕бр╕▓р╕Бр╣Жр╣Жр╣Жр╣Жр╣Жр╣Жр╣Жр╣Жр╣Жр╣Жр╣Жр╣Жр╣Жр╣Жр╣Жр╣Жр╣Жр╣Жр╕Фр╕╡р╕бр╕▓р╕Бр╕Бр╕Бр╕Бр╕Бр╕Бр╕Бр╕Бр╕Бр╕Бр╕Бр╕Бр╕Бр╕Бр╕Бр╕Бр╕Бр╕Бр╕Бр╕Бр╕Бр╕Бр╕Бр╕Бр╕Бр╕Бр╕Бр╕Бр╕Бр╕Бр╕Б р╕Др╕╕р╣Йр╕бр╕Бр╕▒р╕Ър╕гр╕▓р╕Др╕▓р╕кр╕╕р╕Фр╣Жр╣Жр╣Жр╣Жр╣Жр╣Жр╣Жр╣Жр╣Жр╣Жр╣Ж,1
р╕Цр╕╕р╕Зр╣Ар╕Чр╣Йр╕▓р╕Щр╕▒р╕Бр╣Ар╕гр╕╡р╕вр╕Щр╕Юр╕╖р╣Йр╕Щр╣Ар╕Чр╕▓ р╕Ир╕▒р╕Ф Flash sale р╕Др╕╣р╣Ир╕ер╕░ 1 р╕Ър╕▓р╕Ч р╕Цр╕╣р╕Бр╣Гр╕Ир╕бр╕▓р╕Бр╣Ар╕ер╕вр╕Др╣Ир╕░ р╣Ар╕Др╕вр╕кр╕▒р╣Ир╕Зр╕бр╕▓р╣Гр╕Кр╣Йр╣Бр╕ер╣Йр╕зр╣Гр╕Кр╣Йр╕Фр╕╡р╣Ар╕Щр╕╖р╣Йр╕нр╣Др╕бр╣Ир╕Ър╕▓р╕Зр╣Ар╕Бр╕┤р╕Щр╣Др╕Ы р╕вр╕╖р╕Фр╕лр╕вр╕╕р╣Ир╕Щр╕Фр╕╡ р╣Ар╕зр╕ер╕▓р╕кр╕▒р╣Ир╕Зр╕Хр╣Йр╕нр╕Зр╕ер╕Фр╣Др╕Лр╕кр╣Мр╕Ир╕гр╕┤р╕Зр╕ер╕Зр╕бр╕▓ 1 р╕Др╣Ир╕░р╕Ыр╕Бр╕Хр╕┤р╣Гр╕кр╣Ир╕Яр╕гр╕╡р╣Др╕Лр╕кр╣Мр╣Ар╕ер╕вр╕Хр╣Йр╕нр╕Зр╕кр╕▒р╣Ир╕З 7-9 р╣Ар╕Юр╕гр╕▓р╕░р╕Цр╣Йр╕▓р╕кр╕▒р╣Ир╕Зр╕Яр╕гр╕╡р╣Др╕Лр╕кр╣Мр╕бр╕▓р╕Ир╕░р╣Гр╕лр╕Нр╣Ир╕бр╕▓р╕Б р╕кр╕┤р╕Щр╕Др╣Йр╕▓р╣Гр╕лр╕бр╣Ир╕Фр╕╡р╕Др╣Ир╕░ р╕Чр╕▓р╕Зр╕Зр╕гр╣Йр╕▓р╕Щр╣Бр╕Юр╣Зр╕Др╕кр╕┤р╕Щр╕Др╣Йр╕▓р╕бр╕▓р╕Фр╕╡ р╕Ир╕▒р╕Фр╕кр╣Ир╕Зр╕гр╕зр╕Фр╣Ар╕гр╣Зр╕з,0
"1. р╕Вр╣Йр╕нр╕Бр╕ер╕▓р╕З р╕кр╕╡р╕Вр╕▓р╕зр╕Юр╕╖р╣Йр╕Щр╣Ар╕Чр╕▓ р╣Др╕бр╣Ир╕бр╕╡р╕Бр╕▒р╕Щр╕ер╕╖р╣Ир╕Щ = ""р╕Вр╕▓р╕зр╣Ар╕Чр╕▓ +р╕нр╕▓р╕вр╕╕"" р╕нр╕▓р╕вр╕╕ 4-6 / 5-7 / 7-9 /9-12 / р╕Ьр╕╣р╣Йр╣Гр╕лр╕Нр╣Ир╕Яр╕гр╕╡р╣Др╕Лр╕Хр╣М 2. р╕Вр╣Йр╕нр╕Бр╕ер╕▓р╕З р╕кр╕╡р╕Щр╣Йр╕│р╕Хр╕▓р╕е = ""р╕Щр╣Йр╕│р╕Хр╕▓р╕е +р╕нр╕▓р╕вр╕╕"" р╕нр╕▓р╕вр╕╕ 4-6 / 5-7 / 7-9 / р╕Ьр╕╣р╣Йр╣Гр╕лр╕Нр╣Ир╕Яр╕гр╕╡р╣Др╕Лр╕Хр╣М 4. р╕Вр╣Йр╕нр╕Бр╕ер╕▓р╕З р╕кр╕╡р╕Вр╕▓р╕зр╕ер╣Йр╕зр╕Щ р╕Ьр╕╣р╣Йр╣Гр╕лр╕Нр╣Ир╕Яр╕гр╕╡р╣Др╕Лр╕Хр╣М = ""р╕Вр╣Йр╕нр╕Бр╕ер╕▓р╕З р╕Вр╕▓р╕з freesize""",1
р╣Др╕Фр╣Йр╕гр╕▒р╕Ър╕кр╕┤р╕Щр╕Др╣Йр╕▓р╕Др╕гр╕Ър╕Цр╣Йр╕зр╕Щр╕Хр╕▓р╕бр╕Чр╕╡р╣Ир╕кр╕▒р╣Ир╕Зр╕Ир╕▒р╕Фр╕кр╣Ир╕Зр╣Ар╕гр╣Зр╕зр╕бр╕▓р╕Бр╣Жр╣Жр╣Жр╣Жр╣Жр╣Жр╣Жр╣Жр╣Жр╣Жр╣Жр╣Жр╣Жр╣Жр╣Жр╣Жр╣Жр╣Жр╣Жр╣Жр╣Жр╣Жр╣Жр╣Жр╣Жр╣Жр╣Жр╣Жр╣Жр╣Жр╣Ж р╕Ир╕▒р╕Фр╕кр╣Ир╕Зр╣Ар╕гр╣Зр╕зр╕бр╕▓р╕Бр╣Жр╣Жр╣Жр╣Жр╣Жр╣Жр╣Жр╣Жр╣Жр╣Жр╣Жр╣Жр╣Жр╣Жр╣Жр╣Жр╣Жр╣Жр╣Жр╣Жр╣Жр╣Жр╣Жр╣Жр╣Жр╣Жр╣Жр╣Жр╣Жр╣Жр╣Ж р╕кр╕┤р╕Щр╕Др╣Йр╕▓р╕Фр╕╡р╣Жр╣Жр╣Жр╣Жр╣Жр╣Жр╣Жр╣Жр╣Жр╣Жр╣Жр╣Жр╣Жр╣Жр╣Жр╣Жр╣Жр╣Жр╣Жр╣Жр╣Жр╣Жр╣Жр╣Жр╣Жр╣Жр╣Жр╣Жр╣Жр╣Жр╣Жр╣Жр╣Жр╣Жр╣Жр╣Ж,1
"р╕Бр╕▓р╕гр╕Ир╕▒р╕Фр╕кр╣Ир╕Зр╣Ар╕гр╣Зр╕зр╕бр╕▓р╕Бр╕Др╣Ир╕░ р╣Гр╕Кр╣Йр╣Бр╕ер╣Йр╕зр╕Вр╕▓р╕зр╕Вр╕╢р╣Йр╕Щр╣Ар╕вр╕нр╕░р╣Ар╕ер╕вр╕Др╣Ир╕░ 1245678900-/;;()&тАЭтАЭ.,?!тАЩр╣Жр╕ар╕▒р╕▓р╕Ър╕Щр╕▒р╣Ар╕│р╣Ар╕▓р╕Щр╕вр╕вр╕кр╣Ир╣Ар╕Юр╕Бр╣Бр╕нр╕Бр╕│р╕Юр╕╡р╕▓р╕╖р╕Щр╕вр╣Др╕Щ",1
р╕Др╕╖р╕нр╕нр╕Чр╕▓р╣Др╕Ыр╕Ыр╕Ыр╕кр╕╡р╕Вр╕▓р╕зр╕Вр╕╡р╣Йр╕Щр╣Ар╕ер╕вр╕вр╕вр╕вр╕вр╕вр╣Бр╕Хр╣Ир╣Бр╕нр╕Ър╕Ър╣Ар╕ер╕нр╕░р╣Ар╕Чр╕нр╕░р╕бр╕▓р╕Бр╣Жр╣Жр╣Ар╕зр╕ер╕▓р╕Чр╕▓р╕нр╕▓р╕Ир╕Ир╕░р╕Хр╣Йр╕нр╕Зр╕Зр╕Зр╕бр╕кр╕Цр╕╕р╕Зр╕бр╕╖р╕нр╕нр╕н р╕Вр╕▓р╕зр╕Вр╕╡р╣Йр╕Щр╕Щр╕░р╕Ир╕▓р╕Бр╕гр╕╣р╕Ыр╕Др╕╖р╕нр╕нр╕нр╕нр╕нр╕Кр╕▒р╕Фр╣Ар╕Ир╕Щр╕бр╕▓р╕Бр╣Жр╣Жр╣Жр╣Жр╣Жр╕Ыр╕гр╕░р╕Чр╕▒р╕Ър╣Гр╕Ир╣Др╕зр╣Йр╕бр╕▓р╕кр╕▒р╣Ир╕Зр╕нр╕╡р╕Бр╕Бр╕Бр╕Ир╣Йр╕▓,1
р╕Чр╕╕р╕Бр╕Др╕Щр╕Щр╕Щр╕Щр╕бр╕▒р╕Щр╕Фр╕╡р╕бр╕▓р╕Бр╕Бр╕Б р╣Ар╕Бр╕╖р╕нр╕Ър╕Ир╕░р╕Чр╕┤р╣Йр╕Зр╕гр╕нр╕Зр╣Ар╕Чр╣Йр╕▓р╣Бр╕ер╣Йр╕зр╕Ир╕гр╕┤р╕Зр╣Жр╣Бр╕Хр╣Ир╣Ар╕лр╣Зр╕Щр╕Др╕Щр╕гр╕╡р╕зр╕┤р╕зр╕зр╣Ир╕▓р╣Гр╕Кр╣Йр╕нр╕▒р╕Щр╕Щр╕╡р╣Йр╕бр╕▓р╣Бр╕ер╣Йр╕зр╕бр╕▒р╕Щр╕лр╕▓р╕вр╣Ар╕лр╕ер╕╖р╕нр╕Зр╣Ар╕ер╕вр╕ер╕нр╕Зр╕кр╕▒р╣Ир╕Зр╕З р╕Чр╕▓р╣Бр╕ер╣Йр╕зр╕лр╕▓р╕вр╣Ар╕лр╕ер╕╖р╕нр╕Зр╣Ар╕ер╕вр╕вр╕в р╣Ар╕лр╕бр╕╖р╕нр╕Щр╣Гр╕лр╕бр╣Ир╕бр╕▓р╕Бр╕Б р╣Бр╕Хр╣Ир╣Ар╕гр╕▓р╣Др╕Ыр╕Чр╕▓р╕Др╕╣р╣Ир╣Вр╕Яр╕бр╣Бр╕ер╣Йр╕зр╣Ар╕кр╕╡р╕вр╣Ар╕ер╕в 555555 р╣Ар╕лр╕бр╕▓р╕░р╕Бр╕▒р╕Ър╕гр╕нр╕Зр╣Ар╕Чр╣Йр╕▓р╕Вр╕▓р╕зр╕зр╣Жр╕Чр╕▒р╣Йр╕Зр╕Др╕╣р╣Ир╕бр╕▓р╕Бр╕Бр╕зр╣Ир╕▓р╣Ар╕Юр╕гр╕▓р╕░р╕Цр╣Йр╕▓р╕Чр╕▓р╣Др╕бр╣Ир╕Фр╕╡р╣Ар╕ер╕нр╕░р╣Ар╕Чр╕нр╕░р╣Др╕Ыр╕лр╕бр╕Фр╕Ф,0
р╕Фр╕╡р╕бр╕▓р╕Бр╕Бр╕Бр╕Бр╕Бр╕Бр╕Бр╕Бр╕Бр╕Бр╕Бр╕Бр╕Бр╕Бр╕Бр╕Бр╕Бр╕Бр╕Бр╕Бр╕Бр╕Бр╕Бр╕Бр╕Бр╕Бр╕Бр╕Бр╕Бр╕Бр╕Бр╕Бр╕Бр╕Бр╕Бр╕Бр╕Бр╕Бр╕Бр╕Бр╕Бр╕Бр╕Бр╕Бр╕Бр╕Бр╕Бр╕Бр╕Бр╕Бр╕Бр╕Бр╕Бр╕Бр╕Бр╕Бр╕Бр╕Бр╕Бр╕Бр╕Бр╕Бр╕Бр╕Бр╕Бр╕Бр╕Бр╕Бр╕Бр╕Бр╕Бр╕Бр╕Бр╕Бр╕Бр╕Бр╕Бр╕Бр╕Бр╕Бр╕Бр╕Бр╕Бр╕Бр╕Бр╕Бр╕Бр╕Бр╕Бр╕Бр╕Бр╕Бр╕Бр╕Бр╕Бр╕Бр╕Бр╕Бр╕Бр╕Бр╕Бр╕Бр╕Бр╕Бр╕Бр╕Бр╕Бр╕Бр╕Бр╕Бр╕Бр╕Б,1
р╕Чр╕▓р╕Зр╕гр╣Йр╕▓р╕Щр╕Ир╕▒р╕Фр╕кр╣Ир╕Зр╕нр╕вр╕╣р╣Ир╕Др╣Ир╕нр╕Щр╕Вр╣Йр╕▓р╕Зр╣Ар╕гр╣Зр╕зр╕Др╣Ир╕░ 2 р╕зр╕▒р╕Щр╕Бр╣Зр╣Др╕Фр╣Йр╕гр╕▒р╕Ър╕кр╕┤р╕Щр╕Др╣Йр╕▓р╣Бр╕ер╣Йр╕з р╕гр╕нр╕Зр╣Ар╕Чр╣Йр╕▓р╕Щр╣Йр╕нр╕Зр╕Йр╕ер╕▓р╕бр╕Щр╣Ир╕▓р╕гр╕▒р╕Бр╕бр╕▓р╕Б р╕гр╕нр╕Зр╣Ар╕Чр╣Йр╕▓р╕Др╣Ир╕нр╕Щр╕Вр╣Йр╕▓р╕Зр╣Ар╕ер╣Зр╕Б р╕Хр╣Йр╕нр╕Зр╣Ар╕Ьр╕╖р╣Ир╕нр╕нр╕вр╣Ир╕▓р╕Зр╕Щр╣Йр╕нр╕в 3 р╣Др╕Лр╕кр╣Мр╕Цр╕╢р╕Зр╕Ир╕░р╣Гр╕кр╣Ир╕кр╕Ър╕▓р╕вр╕Щр╕░р╕Др╕░ р╕Ыр╕Бр╕Хр╕┤р╣Гр╕кр╣Ир╣Ар╕Ър╕нр╕гр╣М 37 р╕кр╕▒р╣Ир╕З 40-41 р╕бр╕▓р╣Гр╕кр╣Ир╕Юр╕нр╕Фр╕╡р╣Ар╕ер╕вр╕Др╣Ир╕░,0
р╕гр╕▓р╕Др╕▓р╕Др╕╣р╣Ир╕ер╕░58р╕Ър╕▓р╕Чр╕гр╕зр╕бр╕Др╣Ир╕▓р╕кр╣Ир╕Зр╕Фр╣Йр╕зр╕вр╣Бр╕ер╣Йр╕зр╣Ар╕Ыр╣Зр╕Щ71р╕Ър╕▓р╕Ч р╕нр╕▒р╕Щр╕Щр╕╡р╣Йр╣Ар╕Ър╕нр╕гр╣Мр╣Гр╕лр╕Нр╣Ир╕кр╕╕р╕Ф40-41 р╣Гр╕кр╣Ир╕Юр╕нр╕Фр╕╡р╣Ар╕Чр╣Йр╕▓р╣Ар╕гр╕▓р╣Ар╕Ыр╣Кр╕░р╣Ар╕ер╕в р╕Ыр╕Бр╕Хр╕┤р╣Ар╕Чр╣Йр╕▓р╣Ар╕гр╕▓р╣Гр╕кр╣Ир╣Ар╕Ър╕нр╕гр╣М39/24.5р╕Лр╕б. р╕Хр╕нр╕Щр╣Бр╕гр╕Бр╕Бр╕░р╕Ир╕░р╕Лр╕╖р╣Йр╕нр╣Гр╕лр╣Йр╕ер╕╣р╕Бр╕Чр╕╡р╣Ир╣Ар╕Чр╣Йр╕▓р╣Гр╕лр╕Нр╣Ир╕Бр╕зр╣Ир╕▓ р╕Ыр╕гр╕░р╕бр╕▓р╕Щ26р╕Лр╕б. р╣Гр╕кр╣Ир╕Щр╕╡р╣Ир╕Щр╣Ир╕▓р╕Ир╕░р╣Ар╕ер╕вр╕кр╣Йр╕Щр╣Ар╕Чр╣Йр╕▓,0
р╕Ър╕░р╕нр╕Зр╕кр╣Ир╕Зр╣Др╕з р╕гр╕нр╕Вр╕нр╕Зр╣Др╕бр╣Ир╕Щр╕▓р╕Щ р╕кр╕┤р╕Щр╕Др╣Йр╕▓р╕кр╕зр╕вр╕Фр╕╡ р╕Цр╕╖р╕нр╕зр╣Ир╕▓р╕Хр╕гр╕Зр╕Ыр╕Бр╣Бр╕Хр╣Ир╣Др╕бр╣Ир╣Др╕Фр╣Йр╕лр╕Щр╕▓р╣Ар╕лр╕бр╕╖р╕нр╕Щр╣Гр╕Щр╕гр╕╣р╕Ы р╣Бр╕Хр╣Ир╕Юр╕нр╕ер╕нр╕Зр╣Гр╕кр╣Ир╣Бр╕ер╣Йр╕зр╕Бр╣Зр╕кр╕Ър╕▓р╕вр╣Ар╕Чр╣Йр╕▓р╕Фр╕╡ р╕Цр╕╖р╕нр╕зр╣Ир╕▓р╣Вр╕нр╣Ар╕Др╣Гр╕Щр╕гр╕▓р╕Др╕▓р╕Щр╕╡р╣Й,0
р╕кр╣Ир╕Зр╕Зр╕Зр╕Зр╕Зр╕Зр╕Зр╕Зр╕Зр╣Др╕зр╕зр╕зр╕зр╕зр╕зр╕зр╕бр╕▓р╕Бр╕Бр╕Бр╕Бр╕Бр╕Бр╕Зр╕▓р╕Щр╕Щр╕Щр╕Щр╕Щр╕Фр╕╡р╣Ар╣Ар╕Ир╣Ир╕бр╕бр╕бр╕бр╕бр╕бр╕▓р╕Бр╕Бр╕кр╕╕р╕Фр╕Фр╕Фр╕Фр╕Фр╕Фр╕вр╕нр╕Фр╕Фр╕Фр╕Фр╕Фр╕Фр╕Фр╕Фр╣Ар╕ер╕вр╕вр╕Щр╕вр╕вр╕вр╕вр╕вр╕вр╕вр╕гр╕▓р╕▓р╕▓р╕▓р╕Др╕▓р╕▓р╕▓р╕▓р╕▓р╕Цр╕╣р╕Бр╕Бр╕лр╕Бр╕Бр╕Бр╕бр╕▓р╕Бр╕Б,1
р╕Бр╕╡р╕Ир╣Йр╕▓р╕Бр╕Щр╕кр╕Фр╕кр╕кр╕Фр╕кр╕Фр╕кр╕кр╕Фр╣Ар╕кр╕кр╣Ар╕кр╕кр╣Ар╕кр╕Фр╕кр╣Ар╕кр╣Ар╕кр╕Фр╕кр╕кр╕Фр╣Ар╕кр╣Ар╕кр╣Ар╕кр╣Ар╣Ар╕кр╕кр╣Ар╕кр╣Ар╣Ар╕кр╕кр╣Ар╕кр╣Ар╕Фр╕╡р╕╡р╕Фр╕╡р╕Фр╕╡р╕Фр╕╡р╕Фр╕╡р╕Фр╕╡р╕Фр╕╡р╕Фр╕╡р╕╡р╕Фр╕╡р╕Фр╕╡р╕Фр╕╡р╕Фр╕Фр╕╡р╕╡р╣Ар╕╡р╕╡р╕Фр╕Фр╕╡р╕╡р╕Фр╕╡р╕╡р╕Фр╕╡р╕▒р╕Фр╕╡р╕╡р╕Фр╕╡р╕Фр╕╡р╕Фр╕Ыр╕▓р╕Б,1
р╕гр╕нр╕Зр╣Ар╕Чр╣Йр╕▓ р╕Йр╕ер╕▓р╕бр╕Щр╣Ир╕▓р╕гр╕▒р╕Бр╕бр╕▓р╕Бр╕Ир╣Йр╕▓ р╕гр╕нр╕Зр╣Ар╕Чр╣Йр╕▓р╣Гр╕кр╣Ир╕кр╕Ър╕▓р╕в р╕вр╕▓р╕Зр╕вр╕╖р╕Фр╕лр╕вр╕╕р╣Ир╕Щр╕гр╕нр╕Зр╕гр╕▒р╕Ър╕Щр╣Йр╕│р╕лр╕Щр╕▒р╕Бр╣Др╕Фр╣Йр╕Фр╕╡р╕бр╕▓р╕Бр╣Ж р╣Ар╕Чр╕╡р╕вр╕Ър╕Вр╕Щр╕▓р╕Фр╕бр╕▓р╕Хр╕гр╕Рр╕▓р╕Щ [р╣Др╕Лр╕кр╣Мр╣Ар╕Фр╕╡р╣Ир╕вр╕з] р╣Ар╕Ър╕нр╕гр╣М 35 : р╕Др╕зр╕▓р╕бр╕вр╕▓р╕зр╣Ар╕Чр╣Йр╕▓ 225 mm. р╣Ар╕Ър╕нр╕гр╣М 36 : р╕Др╕зр╕▓р╕бр╕вр╕▓р╕зр╣Ар╕Чр╣Йр╕▓ 230 mm. р╣Ар╕Ър╕нр╕гр╣М 37 : р╕Др╕зр╕▓р╕бр╕вр╕▓р╕зр╣Ар╕Чр╣Йр╕▓ 235 mm. р╣Ар╕Ър╕нр╕гр╣М 38 : р╕Др╕зр╕▓р╕бр╕вр╕▓р╕зр╣Ар╕Чр╣Йр╕▓ 240 mm. р╣Ар╕Ър╕нр╕гр╣М 39 : р╕Др╕зр╕▓р╕бр╕вр╕▓р╕зр╣Ар╕Чр╣Йр╕▓ 245 mm. р╣Ар╕Ър╕нр╕гр╣М 40 : р╕Др╕зр╕▓р╕бр╕вр╕▓р╕зр╣Ар╕Чр╣Йр╕▓ 250 mm. -,1
р╕кр╕┤р╕Щр╕Др╣Йр╕▓р╕Фр╕╡р╕бр╕▓р╕Б р╕Щр╕╕р╣Ир╕бр╕бр╕▓р╕Б р╣Ар╣Ар╕Хр╣Ир╕бр╕╡р╕Хр╕│р╕лр╕Щр╕┤р╕Щр╕┤р╕Фр╕лр╕Щр╣Ир╕нр╕вр╣Др╕бр╣Ир╣Ар╕Ыр╣Зр╕Щр╣Др╕г р╕Хр╕гр╕Зр╕Ыр╕Б р╕гр╕▓р╕Др╕▓р╕Цр╕╣р╕Б р╕Чр╕▓р╕Зр╕гр╣Йр╕▓р╕Щр╣Ар╣Ар╕Юр╣Зр╕Др╕Вр╕нр╕Зр╕бр╕▓р╕Фр╕╡р╕бр╕▓р╕Бр╣Ар╣Ар╕ер╕░р╣Др╕Фр╣Йр╕Вр╕нр╕Зр╕Др╕гр╕Ър╕Хр╕▓р╕бр╕Чр╕╡р╣Ир╕кр╕▒р╣Ир╕Зр╣Др╕Ы р╕Бр╕▓р╕гр╕Ир╕▒р╕Фр╕кр╣Ир╕Зр╕гр╕нр╕Ыр╕гр╕░р╕бр╕▓р╕У2-3р╕зр╕▒р╕Щр╣Др╕Фр╣Йр╕гр╕▒р╕Ър╕Вр╕нр╕З р╣Вр╕Фр╕вр╕гр╕зр╕бр╕Фр╕╡р╕бр╕▓р╕Бр╕Бр╕Бр╕Бр╕Б,0
р╣Бр╕Ир╣Ир╕бр╕бр╕▓р╕Бр╣Ж р╕Др╕гр╕▒р╕Ъ р╕Фр╕╡р╕Ир╕гр╕┤р╕Зр╕Др╕гр╕▒р╕Ъ р╕кр╣Ир╕Зр╕Вр╕нр╕Зр╣Др╕зр╕бр╕▓р╕кр╕ар╕▓р╕Юр╕вр╕▒р╕Зр╕Фр╕╡р╕нр╕вр╕╣р╣Ир╕Др╕гр╕▒р╕Ъ р╕Ыр╕гр╕░р╕Чр╕▒р╕Ър╣Гр╕Ир╕бр╕▓р╕Бр╣Ж р╕Др╕гр╕▒р╕Ъ р╕Вр╕нр╣Гр╕лр╣Йр╕Вр╕▓р╕вр╣Др╕Фр╣Йр╣Ар╕вр╕нр╕░р╣Ж р╕Щр╕░р╕Др╕гр╕▒р╕Ъ р╕Вр╕нр╕Ър╕Др╕╕р╕Ур╕бр╕▓р╕Бр╕Др╕гр╕▒,0
р╣Др╕Фр╣Йр╕Вр╕нр╕Зр╕Хр╕гр╕Зр╕Хр╕▓р╕бр╕гр╕╣р╕Ыр╣Ар╕ер╕в р╣Ар╕кр╕╡р╕вр╕Зр╣Гр╕Кр╣Йр╣Др╕Фр╣Йр╕Хр╕▓р╕бр╕гр╕▓р╕Др╕▓р╣Ар╕ер╕в р╣Ар╕Кр╕╖р╣Ир╕нр╕бр╕Хр╣Ир╕нр╕Зр╣Ир╕▓р╕в р╕гр╕╣р╕Ыр╣Бр╕Ър╕Ър╕ер╕▓р╕вр╕Щр╣Ир╕▓р╕гр╕▒р╕Бр╕бр╕▓р╕Б р╕Фр╕╡р╣Др╕Лр╕Щр╣Мр╕Цр╕╣р╕Бр╣Гр╕Ир╕Др╣Ир╕░ р╕Вр╕нр╕Зр╕кр╣Ир╕Зр╕Ир╕▓р╕Бр╕Ир╕╡р╕Щр╣Гр╕Кр╣Йр╣Ар╕зр╕ер╕▓р╕Щр╕┤р╕Фр╕Щр╕╢р╕З,0
р╕Чр╕Чр╕Фр╕Ир╕│р╕кр╕Фр╕гр╕Ър╣Др╕зр╕Юр╕Щр╕Юр╕вр╕кр╣Ар╕в/р╕Щр╕Бр╕Ир╕кр╕Юр╕Чр╕ар╕Щр╕Юр╕кр╕бр╣Ар╕кр╣Ар╕вр╕░р╣Гр╕Фр╕зр╣Ар╣Гр╕░р╕Ър╕Бр╕Зр╕Фр╕Ър╣Ар╕Зр╕Юр╕зр╕│р╕▓р╕Фр╕Чр╕░р╕гр╣Ар╕гр╕▓р╣Ар╕Щр╕Фр╕бр╕│р╕Щр╕Фр╕кр╣Ар╕Щр╕Юр╕бр╕Юр╕Щр╕Бр╕вр╣Ар╕бр╕Юр╕вр╕Зр╕Фр╕кр╣Ар╕Ър╣Ар╣Гр╕Юр╕вр╕Фр╕зр╕░р╕зр╣Ар╕бр╣Ар╕кр╣Ар╕в,1
р╣Др╕Лр╕кр╣Мр╣Ар╕ер╣Зр╕Бр╕Бр╕зр╣Ир╕▓р╕Чр╕╡р╣Ир╕Др╕┤р╕Ф р╕Цр╣Йр╕▓р╕Ир╕░р╕Лр╕╖р╣Йр╕нр╕Хр╣Йр╕нр╕Зр╣Ар╕Ьр╕╖р╣Ир╕нр╣Др╕Лр╕кр╣М р╕нр╕▒р╕Щр╕Щр╕╡р╣Йр╕Юр╕нр╕Фр╕╡р╕Бр╕▒р╕Ър╣Ар╕Чр╣Йр╕▓ 38(р╣Ар╕Чр╣Йр╕▓р╣Бр╕бр╣И) р╕Чр╕▒р╣Йр╕Зр╣Жр╕Чр╕╡р╣Ир╕Лр╕╖р╣Йр╕н 40-41 р╣Гр╕Щ VDO р╣Ар╕Чр╣Йр╕▓р╣Др╕Лр╕кр╣М 40 р╣Гр╕кр╣Ир╣Бр╕ер╣Йр╕зр╕Кр╕Щр╕Хр╣Йр╕нр╕Зр╣Гр╕лр╕Нр╣Ир╕Вр╕╢р╣Йр╕Щр╕нр╕╡р╕Б 1 р╣Др╕Лр╕кр╣М р╣Бр╕Хр╣Ир╕Щр╣Ир╕▓р╕гр╕▒р╕Бр╕Фр╕╡ р╕Хр╕гр╕Зр╕лр╕▒р╕зр╕кр╕╡р╕Лр╕╡р╕Фр╕Щр╕┤р╕Фр╕лр╕Щр╣Ир╕нр╕вр╣Ар╕лр╕бр╕╖р╕нр╕Щр╣Бр╕Фр╕Фр╣Ар╕ер╕╡р╕в р╣Бр╕Хр╣Ир╣Др╕бр╣Ир╕Кр╕▒р╕Фр╕бр╕▓р╕Б р╕Цр╣Ир╕▓р╕вр╕бр╕▓р╣Др╕бр╣Ир╣Ар╕лр╣Зр╕Щ,0
р╕Щр╣Ир╕▓р╕гр╕▒р╕Бр╕Ыр╕╕р╣Йр╕Бр╕Ыр╕┤р╣Йр╕Бр╕Фр╕╡р╕Др╣Ир╕░ р╕лр╣Ир╕нр╕бр╕▓р╕нр╕вр╣Ир╕▓р╕Зр╕Фр╕╡ р╕Цр╕╖р╕нр╕зр╣Ир╕▓р╕кр╣Ир╕Зр╣Др╕зр╣Ар╕Юр╕гр╕▓р╕░р╕кр╣Ир╕Зр╕бр╕▓р╕Ир╕▓р╕Бр╕Хр╕Ыр╕Ч. р╕Щр╣Йр╕│р╕лр╕Щр╕▒р╕Бр╣Ар╕Ър╕▓ р╕кр╕ар╕▓р╕Юр╕кр╕┤р╕Щр╕Др╣Йр╕▓р╕Хр╕▓р╕бр╕гр╕▓р╕Др╕▓р╕Др╣Ир╕░ р╣Гр╕Кр╣Йр╕Зр╕▓р╕Щр╣Др╕Фр╣Йр╕Ыр╕Бр╕Хр╕┤ р╣Ар╕Кр╕╖р╣Ир╕нр╕бр╕Хр╣Ир╕нр╕Зр╣Ир╕▓р╕в р╕бр╕╡р╕кр╕▓р╕вр╕Кр╕▓р╕гр╣Мр╕Ир╣Бр╕Цр╕бр╣Гр╕лр╣Й,0
р╕кр╕╡р╣Ар╕кр╕╖р╣Йр╕нр╣Др╕бр╣Ир╣Др╕Фр╣Йр╕ер╕░р╕бр╕╕р╕Щр╣Ар╕лр╕бр╕╖р╕нр╕Щр╣Гр╕Щр╕гр╕╣р╕Ыр╕Вр╕нр╕Зр╕гр╣Йр╕▓р╕Щр╣Ар╕Чр╣Ир╕▓р╣Др╕лр╕гр╣И р╕нр╕нр╕Бр╣Ар╕лр╕ер╕╖р╕нр╕Зр╣Др╕Ыр╕Щр╕┤р╕Фр╕Щр╕╢р╕З р╕Ьр╣Йр╕▓р╕ер╕╖р╣Ир╕Щр╣Жр╣Ар╕Фр╣Йр╕Зр╣Ж р╣Бр╕Хр╣Ир╕Бр╣Зр╣Ар╕лр╕бр╕▓р╕░р╕кр╕бр╕Бр╕▒р╕Ър╕гр╕▓р╕Др╕▓р╕Др╣Ир╕░,0
р╣Ар╕кр╕╖р╣Йр╕нр╕вр╕╖р╕Фр╣Ар╕Щр╕╖р╣Йр╕нр╕Ьр╣Йр╕▓р╕Щр╕┤р╣Ир╕бр╕бр╕▓р╕Б р╕Щр╣Ир╕▓р╕Ир╕░р╣Гр╕кр╣Ир╕кр╕Ър╕▓р╕вр╕Фр╕╡ р╕ер╕▒р╕Бр╕йр╕Ур╕░р╕Хр╕▒р╕зр╕Юр╕нр╕Фр╕╡ р╕Бр╕▓р╕гр╕Ир╕▒р╕Фр╕кр╣Ир╕Зр╕гр╕зр╕Фр╣Ар╕гр╣Зр╕зр╕Фр╕╡р╕бр╕▓р╕Бр╣Ар╕е,0
р╣Ар╕Щр╕╖р╣Йр╕нр╕Ьр╣Йр╕▓р╕Фр╕╡р╕ер╕╖р╣Ир╕Щ р╕Щр╣Ир╕▓р╕Ир╕░р╣Гр╕кр╣Ир╕кр╕Ър╕▓р╕в р╕лр╕▒р╕Бр╣Ар╕гр╕╖р╣Ир╕нр╕Зр╕кр╕╡р╣Ар╕Юр╕гр╕▓р╕░р╣Ар╕Юр╕╡р╣Йр╕вр╕Щр╣Др╕Ыр╕Щр╕┤р╕Ф,0
р╕кр╕▒р╣Ир╕Зр╕кр╕┤р╕Щр╕Др╣Йр╕▓р╕зр╕▒р╕Щр╕Чр╕╡р╣И 8 р╕к.р╕Д. р╕Ю.р╕и. 2565 р╣Др╕Фр╣Йр╕гр╕▒р╕Ър╕кр╕┤р╕Щр╕Др╣Йр╕▓р╕зр╕▒р╕Щр╕Чр╕╡р╣И 9 р╕к.р╕Д. р╕Ю.р╕и. 2565 р╣Др╕Фр╣Йр╕гр╕▒р╕Ър╕кр╕┤р╕Щр╕Др╣Йр╕▓р╕Др╕гр╕Ър╕Цр╣Йр╕зр╕Щ р╕Др╕╕р╕Ур╕ар╕▓р╕Юр╕кр╕┤р╕Щр╕Др╣Йр╕▓р╣Вр╕нр╣Ар╕Д,0
р╣Др╕бр╣Ир╕гр╕▒р╕Ър╣Бр╕Бр╣Йр╣Др╕Вр╕Кр╕╖р╣Ир╕н-р╕Чр╕╡р╣Ир╕нр╕вр╕╣р╣Ир╕Чр╕▓р╕Зр╣Бр╕Кр╕Чр╕Щр╕░р╕Др╕░ тА╝я╕П р╕ер╕╣р╕Бр╕Др╣Йр╕▓р╕кр╕▓р╕бр╕▓р╕гр╕Цр╕Бр╕Фр╣Бр╕Бр╣Йр╣Др╕Вр╕Чр╕╡р╣Ир╕нр╕вр╕╣р╣Ир╕Ир╕▒р╕Фр╕кр╣Ир╕Зр╣Др╕Фр╣Йр╣Ар╕нр╕Зр╕Чр╕╡р╣Ир╕Др╕│р╕кр╕▒р╣Ир╕Зр╕Лр╕╖р╣Йр╕нр╣Ар╕ер╕вр╕Др╣Ир╕▓ ЁЯЩПЁЯП╗ тЭМтЭМ р╣Др╕бр╣Ир╕гр╕▒р╕Ър╣Бр╕Бр╣Йр╕кр╕╡р╕Чр╕▓р╕Зр╕лр╕бр╕▓р╕вр╣Ар╕лр╕Хр╕╕+р╣Бр╕Кр╕Чр╕Щр╕░р╕Др╕░ тЭМтЭМ,1
р╣Ар╕Щр╕╖р╣Йр╕нр╕Ьр╣Йр╕▓р╕Фр╕╡р╕бр╕▓р╕Б р╕кр╕зр╕вр╕Цр╕╣р╕Бр╣Гр╕И р╕кр╣Ир╕Зр╕зр╕▒р╕Щр╕Ир╕▒р╕Щр╕Чр╕гр╣М р╕нр╕▒р╕Зр╕Др╕▓р╕гр╕Вр╕нр╕Зр╕Хр╣Йр╕нр╕Зр╕Цр╕╢р╕Зр╣Бр╕Хр╣Ир╕Вр╕Щр╕кр╣Ир╕Зр╣Бр╕вр╣Ир╕бр╕▓р╕Бр╣Др╕бр╣Ир╣Вр╕Чр╕гр╕бр╕▓р╣Бр╕Хр╣Ир╕ер╕Зр╣Гр╕Щр╕гр╕░р╕Ър╕Ър╕зр╣Ир╕▓р╣Вр╕Чр╕гр╣Бр╕ер╣Йр╕з р╕Хр╣Йр╕нр╕Зр╕Хр╕▓р╕бр╕кр╕┤р╕Щр╕Др╣Йр╕▓р╣Ар╕нр╕Зр╕Цр╕╢р╕Зр╕Ир╕░р╣Др╕Фр╣Йр╣Др╕бр╣Ир╕Зр╕▒р╣Йр╕Щр╕Др╕Зр╣Др╕бр╣Ир╣Др╕Фр╣Йр╕кр╕┤р╕Щр╕Др╣Йр╕▓ р╣Вр╕Фр╕вр╕гр╕зр╕бр╕Фр╕╡р╣Бр╕Хр╣Ир╕Вр╕Щр╕кр╣Ир╕Зр╣Бр╕вр╣Ир╕бр╕▓р╕Бр╣Жр╕Др╣Ир╕░ р╣Бр╕Хр╣Ир╕кр╕┤р╕Щр╕Др╣Йр╕▓р╕кр╕зр╕вр╕кр╕╡р╕Хр╕гр╕Зр╕Ыр╕Б р╕Др╕гр╕Ър╕Хр╕▓р╕бр╕Чр╕╕р╕Бр╕Др╕│р╕кр╕▒р╣Ир╕Зр╕Лр╕╖р╣Йр╕нр╣Ар╕ер╕вр╕Др╣Ир╕░р╕Фр╕╡р╣Ар╕вр╕╡р╣Ир╕вр╕бр╕бр╕бр╕Др╣Ир╕░5р╕Фр╕▓р╕зр╣Др╕Ыр╣Ар╕ер╕вр╕Ир╣Йр╕▓р╕кр╕┤р╕Щр╕Др╣Йр╕▓р╕Щр╣Ир╕▓р╕гр╕▒р╕Бр╕Фр╕╡р╕кр╕╡р╕ер╕░р╕бр╕╕р╕Щр╕Хр╕╕р╣Йр╕Щр╕бр╕▓р╕Бр╣Жр╣Ар╕ер╕вр╕Др╣Ир╕░р╣Ар╕вр╕┤р╕Яр╣Жр╣Жр╣Жр╣Ар╕ер╕вр╕Др╣Ир╕░ р╕Вр╕Щр╕кр╣Ир╕Зр╣Ар╕Др╕нр╕гр╕╡р╣Ир╕З,0
р╕Бр╕нр╕бр╕нр╕гр╣Ир╕нр╕вр╕Цр╕╣р╕Бр╣Гр╕Ир╕бр╕▓р╕Бр╕Ир╣Йр╕▓р╕▒р╕│р╕Юр╕╡р╕гр╕░_р╕Др╕│р╕гр╕│р╣Др╕│р╕Юр╕Юр╕Фр╣Бр╕Бр╣Бр╕╖р╕бр╕зр╕вр╕зр╕вр╕Ър╕зр╕вр╕Щр╕зр╕зр╕Ър╕вр╕зр╕вр╕вр╕зр╕Ър╕кр╕зр╕кр╕Ър╕зр╕Ър╕Вр╕Щр╕Ир╕кр╕Ир╕кр╕Ир╕кр╕Хр╕▓р╕вр╕кр╕вр╕кр╕вр╕кр╕Ър╕кр╕вр╕кр╕Ър╕кр╕к,1
р╣Др╕Фр╣Йр╕гр╕▒р╕Ър╕кр╕┤р╕Щр╕Др╣Йр╕▓р╣Бр╕ер╣Йр╕з р╕Ир╕▒р╕Фр╕кр╣Ир╕Зр╕гр╕зр╕Фр╣Ар╕гр╣Зр╕зр╕Фр╕╡ р╕гр╕▓р╕Др╕▓р╣Др╕бр╣Ир╣Бр╕Юр╕З р╣Ар╕Щр╕╖р╣Йр╕нр╕Ьр╣Йр╕▓р╣Ар╕Ыр╣Зр╕Щр╣Бр╕Ър╕Ър╕ер╕╖р╣Ир╕Щр╣Жр╕Щр╕╕р╣Ир╕бр╣Ж р╕Хр╕▒р╕зр╣Гр╕лр╕Нр╣Ир╕Фр╕╡ р╣Гр╕кр╣Ир╣Ар╕ер╣Ир╕Щр╣Жр╣Др╕Фр╣Йр╕нр╕вр╕╣р╣И р╕кр╕╡р╕кр╕зр╕вр╕Фр╕╡ р╕гр╕зр╕бр╣Жр╕Бр╣Зр╕Кр╕нр╕Ър╕Щр╕░р╕Др╕░,0
р╕кр╕┤р╕Щр╕Др╣Йр╕▓р╕Фр╕╡р╕Др╣Ир╕▓р╕▓р╕▓р╕▓р╕▓ р╕гр╕▓р╕Др╕▓р╣Др╕бр╣Ир╣Бр╕Юр╕Зр╣Ар╕ер╕в р╕Др╕╕р╕Ур╕ар╕▓р╕Юр╕Юр╕нр╣Гр╕Кр╣Йр╣Др╕Фр╣Й р╣Др╕бр╣Ир╣Др╕Фр╣Йр╕зр╣Ир╕▓р╕зр╕бр╕▓р╕Б р╕Бр╕▓р╕гр╕Ър╕гр╕┤р╕Бр╕▓р╕гр╕Ир╕▓р╕Бр╕гр╣Йр╕▓р╕Щр╣Вр╕нр╣Ар╕Др╕Фр╕╡р╕Др╕▓р╕░ р╕кр╣Ир╕Зр╕гр╕зр╕Фр╣Ар╕гр╣Зр╕зр╕гр╕нр╕Вр╕нр╕Зр╣Др╕бр╣Ир╕Щр╕▓р╕Щ,0
р╣Др╕Фр╣Йр╕гр╕▒р╕Ър╕кр╕┤р╕Щр╕Др╣Йр╕▓р╕Хр╕▓р╕бр╕Чр╕╡р╣Ир╕кр╕▒р╣Ир╕Зр╕Лр╕╖р╣Йр╕нр╕Др╕гр╕Ър╕Цр╣Йр╕зр╕Щ р╕кр╕бр╕Ър╕╣р╕гр╕Ур╣Мр╕кр╣Ир╕Зр╣Др╕зр╣Др╕бр╣Ир╕бр╕╡р╕Хр╕│р╕лр╕Щр╕┤ р╕гр╕▓р╕Др╕▓р╕Цр╕╣р╕Бр╕бр╕▓р╕Бр╕Др╕╕р╣Йр╕бр╕Др╣Ир╕▓р╕Др╕╕р╣Йр╕бр╕гр╕▓р╕Др╕▓р╕бр╕▓р╕Бр╕Др╣Ир╕░ р╕Вр╕Щр╕кр╣Ир╕З р╕кр╣Ир╕Зр╣Др╕з р╕Юр╕Щр╕▒р╕Бр╕Зр╕▓р╕Щр╕кр╕╕р╕ар╕▓р╕Ю р╕кр╕┤р╕Щр╕Др╣Йр╕▓р╕Фр╕╡р╕Хр╕гр╕Зр╕Ыр╕Бр╣Др╕бр╣Ир╕Ир╕Бр╕Хр╕▓,0
р╕кр╕▒р╣Ир╕Зр╕гр╕нр╕Ър╕Чр╕╡р╣Ир╕кр╕нр╕Зр╣Бр╕ер╣Йр╕зр╕Др╣Ир╕░ р╕Фр╕╡р╕бр╕▓р╕Б р╕Фр╕╡р╕бр╕▓р╕Бр╕Фр╕╡р╕бр╕▓р╕Бр╕Фр╕╡р╕бр╕▓р╕Бр╕Фр╕╡р╕бр╕▓р╕Бр╕Фр╕╡р╕бр╕▓р╕Бр╕Фр╕╡р╕бр╕▓р╕Бр╕Фр╕╡р╕бр╕▓р╕Бр╕Фр╕╡р╕бр╕▓р╕Бр╕Фр╕╡р╕бр╕▓р╕Бр╕Фр╕╡р╕бр╕▓р╕Бр╕Фр╕╡р╕бр╕▓р╕Бр╕Фр╕╡р╕бр╕▓р╕Бр╕Фр╕╡р╕бр╕▓р╕Бр╕Фр╕╡р╕бр╕▓р╕Бр╕Фр╕╡р╕бр╕▓р╕Бр╕Фр╕╡р╕бр╕▓р╕Б,0
р╣Др╕Фр╣Йр╕гр╕▒р╕Ър╕кр╕┤р╕Щр╕Др╣Йр╕▓р╣Бр╕ер╣Йр╕зр╕зр╕зр╕з р╕Ир╕▒р╕Фр╕кр╣Ир╕Зр╣Др╕зр╕бр╕▓р╕Бр╕Бр╕Бр╕Бр╕Б р╕гр╕▓р╕Др╕▓р╣Др╕бр╣Ир╣Бр╕Юр╕Зр╕Зр╕Зр╕Зр╕З р╕кр╕▒р╣Ир╕Зр╕нр╕╡р╕Бр╣Бр╕Щр╣Ир╕Щр╕нр╕Щр╕Щр╕Щр╕Щр╕Щ........р╣Др╕Фр╣Йр╕гр╕▒р╕Ър╕кр╕┤р╕Щр╕Др╣Йр╕▓р╣Бр╕ер╣Йр╕зр╕зр╕зр╕з р╕Ир╕▒р╕Фр╕кр╣Ир╕Зр╣Др╕зр╕бр╕▓р╕Бр╕Бр╕Бр╕Бр╕Б р╕гр╕▓р╕Др╕▓р╣Др╕бр╣Ир╣Бр╕Юр╕Зр╕Зр╕Зр╕Зр╕З р╕кр╕▒р╣Ир╕Зр╕нр╕╡р╕Бр╣Бр╕Щр╣Ир╕Щр╕нр╕Щр╕Щр╕Щр╕Щр╕Щ,1
80% ЁЯлзр╕бр╕╡р╕нр╕▓р╕Бр╕▓р╕ир╕Чр╣Ир╕▓р╕вр╣Ар╕Ч ЁЯТжр╕гр╕Фр╕Щр╣Йр╕│р╕зр╕▒р╕Щр╕ер╕░ 1 р╕Др╕гр╕▒р╣Йр╕З ЁЯк┤р╕Бр╕▓р╕гр╣Гр╕кр╣Ир╕Ыр╕╕р╣Лр╕в р╣Гр╕лр╣Йр╕Ыр╕╕р╣Лр╕вр╕ер╕░р╕ер╕▓р╕вр╕Кр╣Йр╕▓ р╕кр╕╣р╕Хр╕гр╣Ар╕кр╕бр╕н 13-13-13 ЁЯк╣р╣Ар╕Яр╕┤р╕гр╣Мр╕Щр╣Вр╕Хр╕Хр╕▓р╕бр╕Вр╕Щр╕▓р╕Фр╕Вр╕нр╕Зр╕Бр╕гр╕░р╕Цр╕▓р╕З р╣Ар╕Ыр╕ер╕╡р╣Ир╕вр╕Щр╕Бр╕гр╕░р╕Цр╕▓р╕Зр╣Ар╕бр╕╖р╣Ир╕нр╕Хр╣Йр╕нр╕Зр╕Бр╕▓р╕гр╣Гр╕лр╣Йр╣Вр╕Хр╕Вр╕╢р╣Йр╕Щр╣Др╕Ыр╕нр╕╡р╕Б р╕Хр╣Йр╕Щр╣Ар╕Яр╕┤р╕гр╣Мр╕Щр╕бр╕╡р╕ер╕▒р╕Бр╕йр╕Ур╕░р╕Хр╣Йр╕Щр╣Бр╕ер╕░р╣Гр╕Ър╣Бр╕Хр╕Бр╕Хр╣Ир╕▓р╕Зр╕Бр╕▒р╕Щр╕Хр╕▓р╕бр╕Шр╕гр╕гр╕бр╕Кр╕▓р╕Хр╕┤ р╕кр╕▓р╕бр╕▓р╕гр╕Цр╕Ыр╕ер╕╣р╕Бр╕ер╕Зр╕Фр╕┤р╕Щ/р╣Гр╕Щр╕Бр╕гр╕░р╕Цр╕▓р╕З/р╕Бр╕гр╕░р╕Цр╕▓р╕Зр╣Бр╕Вр╕зр╕Щ/р╕вр╕╢р╕Фр╣Ар╕Бр╕▓р╕░р╕нр╕┤р╕Зр╣Бр╕нр╕Ър╕Хр╣Йр╕Щр╣Др╕бр╣Йр╣Гр╕лр╕Нр╣И р╣Др╕Фр╣Йр╕Хр╕▓р╕бр╕Др╕зр╕▓р╕бр╕Кр╕нр╕Ър╕Вр╕нр╕Зр╕Др╕╕р╕Ур╕ер╕╣р╕Бр╕Др╣Йр╕▓р╕Др╕░ р╕Ыр╕ер╕╣р╕Б р╣А,1
р╣Гр╕Кр╣Йр╣Ар╕зр╕ер╕▓р╕Ир╕▒р╕Фр╕кр╣Ир╕Зр╕гр╕░р╕вр╕░р╕Щр╕╢р╕Зр╣Ар╕Юр╕гр╕▓р╕░р╕кр╣Ир╕Зр╕Ир╕▓р╕Бр╕Хр╣Ир╕▓р╕Зр╕Ыр╕гр╕░р╣Ар╕Чр╕итАЛ р╣Гр╕Др╕гр╕гр╕╡р╕Ър╣Гр╕Кр╣Йр╣Бр╕Щр╕░р╕Щр╕│р╕Ьр╣Ир╕▓р╕Щр╕Бр╣Ир╕нр╕Щр╕Др╣Ир╕░тАЛ р╕гр╕▓р╕Др╕▓р╕Цр╕╣р╕БтАЛ р╕Ьр╣Йр╕▓р╕Фр╕╡р╣Др╕бр╣Ир╕лр╕Щр╕▓р╕бр╕▓р╕Бр╕Ър╕▓р╕Зр╣Ар╕лр╕бр╕▓р╕░р╕Бр╕▒р╕Ър╕нр╕▓р╕Бр╕▓р╕итАЛр╕Чр╕╡р╣Ир╕гр╣Йр╕нр╕Щ,0
р╕Вр╕Щр╕кр╣Ир╕Зр╕Юр╕╣р╕Фр╕Ир╕▓р╕Фр╕╡р╕бр╕▓р╕гр╕вр╕▓р╕Чр╕Фр╕╡р╣Вр╕Чр╕гр╕Цр╕▓р╕бр╕Бр╣Ир╕нр╕Щр╕кр╣Ир╕Зр╕Др╣Ир╕░р╣Ар╕Щр╕╖р╣Йр╕нр╕Ьр╣Йр╕▓р╕Фр╕╡р╕кр╕▒р╣Ир╕Зр╣Др╕Лр╕Фр╣МLр╕Чр╕▒р╣Ир╕Цр╕╕р╕Зр╕Бр╣Зр╕гр╕░р╕Ър╕╕р╣Др╕Лр╕Фр╣МLр╣Бр╕Хр╣Ир╣Ар╕ер╣Зр╕Бр╣Ар╕лр╕бр╕╖р╕нр╕Щр╣Др╕Лр╕Фр╣МMр╣Ар╕ер╕вр╕Вр╕нр╕лр╕▒р╕Б2р╕Фр╕▓р╕зр╣Гр╕Щр╣Ар╕гр╕╖р╣Ир╕нр╕Зр╕Щр╕╡р╣Йр╕Щр╕░р╕Др╕░,0
р╕Ьр╕ер╕┤р╕Хр╕ар╕▒р╕Ур╕Ср╣Мр╕бр╕╡ 2р╣Бр╕Юр╣Зр╕Др╣Ар╕Бр╕И р╕Чр╕▓р╕Зр╕гр╣Йр╕▓р╕Щр╕Ир╕░р╕Др╕ер╕░р╣Др╕Ыр╣Гр╕лр╣Йр╕ер╕╣р╕Бр╕Др╣Йр╕▓ р╕Др╕нр╕Хр╕Хр╕нр╕Щр╕Ър╕▒р╕Хр╕Др╕╕р╕бр╕░ 100р╕Бр╣Йр╕▓р╕Щ р╕ер╕┤р╕Вр╕кр╕┤р╕Чр╕Шр╕┤р╣Мр╣Бр╕Чр╣Йр╕Ьр╕ер╕┤р╕Хр╕Ир╕▓р╕Бр╣Гр╕вр╕Эр╣Йр╕▓р╕вр╕Ър╕гр╕┤р╕кр╕╕р╕Чр╕Шр╕┤р╣М р╣Бр╕Ир╣Зр╕Бр╕Лр╣М р╣Ар╕Юр╕╡р╕вр╕з р╕Др╕нр╕Хр╕Хр╕нр╕Щр╕Ър╕▒р╕Ф р╕Ьр╕ер╕┤р╕Хр╕Ир╕▓р╕Бр╣Гр╕вр╕Эр╣Йр╕▓р╕вр╕Ър╕гр╕┤р╕кр╕╕р╕Чр╕Шр╕┤р╣М 100% р╕Ьр╣Ир╕▓р╕Щр╕Бр╕▓р╕гр╕Жр╣Ир╕▓р╣Ар╕Кр╕╖р╣Йр╕нр╕Фр╣Йр╕зр╕вр╕Др╕зр╕▓р╕бр╕гр╣Йр╕нр╕Щр╕бр╕▓р╕Хр╕гр╕Рр╕▓р╕Щ р╕Лр╕╢р╕бр╕Лр╕▒р╕Ър╣Др╕Фр╣Йр╕Фр╕╡ р╕нр╣Ир╕нр╕Щр╕Щр╕╕р╣Ир╕бр╕нр╕вр╣Ир╕▓р╕Зр╣Ар╕Ыр╣Зр╕Щр╕Шр╕гр╕гр╕бр╕Кр╕▓р╕Хр╕┤ р╕Ыр╕гр╕▓р╕ир╕Ир╕▓р╕Бр╣Гр╕вр╕кр╕▒р╕Зр╣Ар╕Др╕гр╕▓р╕░р╕лр╣М р╣Бр╕ер╕░р╕кр╕▓р╕гр╣Ар╕гр╕╖р╕нр╕Зр╣Бр╕кр╕З р╣Др╕бр╣Ир╕гр╕░р╕Др╕▓р╕вр╣Ар╕Др╕╖р╕нр╕Зр╕Ьр╕┤р╕з р╕кр╕│р╕ер╕╡р╕Юр╕▒р╕Щр╣Бр╕Щр╣Ир╕Щр╣Др╕бр╣Ир╕лр╕е,1
р╕Хр╕▒р╕зр╣Ар╕ер╣Зр╕Б 1 р╕Бр╕зр╣Ир╕▓р╣Др╕Лр╕▓р╕Чр╕▒р╣Ир╕зр╣Др╕Ы р╣Бр╕Хр╣Ир╕Бр╣Зр╕кр╕зр╕вр╕Фр╕╡ р╕Хр╕▒р╕зр╣Ар╕ер╣Зр╕Б 1 р╕Бр╕зр╣Ир╕▓р╣Др╕Лр╕▓р╕Чр╕▒р╣Ир╕зр╣Др╕Ы р╣Бр╕Хр╣Ир╕Бр╣Зр╕кр╕зр╕вр╕Фр╕╡ р╕Хр╕▒р╕зр╣Ар╕ер╣Зр╕Б 1 р╕Бр╕зр╣Ир╕▓р╣Др╕Лр╕▓р╕Чр╕▒р╣Ир╕зр╣Др╕Ы р╣Бр╕Хр╣Ир╕Бр╣Зр╕кр╕зр╕вр╕Фр╕╡ р╕Хр╕▒р╕зр╣Ар╕ер╣Зр╕Б 1 р╕Бр╕зр╣Ир╕▓р╣Др╕Лр╕▓р╕Чр╕▒р╣Ир╕зр╣Др╕Ы р╣Бр╕Хр╣Ир╕Бр╣Зр╕кр╕зр╕вр╕Фр╕╡ р╕Хр╕▒р╕зр╣Ар╕ер╣Зр╕Б 1 р╕Бр╕зр╣Ир╕▓р╣Др╕Лр╕▓р╕Чр╕▒р╣Ир╕зр╣Др╕Ы р╣Бр╕Хр╣Ир╕Бр╣Зр╕кр╕зр╕вр╕Фр╕╡ р╕Хр╕▒р╕зр╣Ар╕ер╣Зр╕Б 1 р╕Бр╕зр╣Ир╕▓р╣Др╕Лр╕▓р╕Чр╕▒р╣Ир╕зр╣Др╕Ы р╣Бр╕Хр╣Ир╕Бр╣Зр╕кр╕зр╕вр╕Фр╕╡ р╕Хр╕▒р╕зр╣Ар╕ер╣Зр╕Б 1 р╕Бр╕зр╣Ир╕▓р╣Др╕Лр╕▓р╕Чр╕▒р╣Ир╕зр╣Др╕Ы р╣Бр╕Хр╣Ир╕Бр╣Зр╕кр╕зр╕вр╕Фр╕╡ р╕Хр╕▒р╕зр╣Ар╕ер╣Зр╕Б 1 р╕Бр╕зр╣Ир╕▓р╣Др╕Лр╕▓р╕Чр╕▒р╣Ир╕зр╣Др╕Ы р╣Бр╕Хр╣Ир╕Бр╣Зр╕кр╕зр╕вр╕Фр╕╡,1
р╕кр╕┤р╕Щр╕Др╣Йр╕▓р╣Др╕бр╣Ир╕Хр╕гр╕Зр╕Ыр╕Бр╕нр╕вр╣Ир╕▓р╕Зр╣Бр╕гр╕Зр╣Ар╕ер╕вр╕вр╕вр╕в р╣Ар╕Щр╕╖р╣Йр╕нр╕Ьр╣Йр╕▓р╣Ар╕лр╕бр╕╖р╕нр╕Щр╕Ьр╣Йр╕▓р╕гр╣Ир╕бр╣Ар╕ер╕в р╣Ар╕Лр╣Зр╕Зр╕бр╕▓р╕Б,0
р╕кр╕╡р╕кр╕зр╕вр╕Хр╕гр╕Зр╕Ыр╕Б р╕кр╕╣р╕З 165 р╕Лр╕б. р╣Гр╕кр╣Ир╣Др╕Фр╣Йр╕Юр╕нр╕Фр╕╡ р╣Бр╕Хр╣Ир╕кр╕╡р╕Вр╕▓р╕зр╕Ьр╣Йр╕▓р╕Ър╕▓р╕Зр╕Чр╕░р╕ер╕╕ р╕зр╕▓р╕Зр╕Ър╕Щр╕Чр╕╡р╣Ир╕Щр╕нр╕Щр╕вр╕▒р╕Зр╣Ар╕лр╣Зр╕Щр╕ер╕▓р╕вр╕Хр╕▓р╕гр╕▓р╕Зр╕Чр╕╡р╣Ир╕Щр╕нр╕Щ р╕Ър╕▓р╕Зр╕Чр╕░р╕ер╕╕р╣Ар╕лр╣Зр╕Щр╕Бр╕гр╕░р╣Ар╕Ыр╣Лр╕▓р╕Бр╕▓р╕Зр╣Ар╕Бр╕Зр╕Вр╣Йр╕▓р╕Зр╣Гр╕Щр╕Фр╣Йр╕зр╕вр╕Др╣Ир╕░ р╣Бр╕ер╕░р╕бр╕╡р╕гр╕нр╕вр╣Ар╕ер╕нр╕░р╕Хр╕гр╕Зр╕Бр╕▓р╕Зр╣Ар╕Бр╕Зр╣Ар╕Ыр╣Зр╕Щр╕Ир╕╕р╕Фр╕кр╕╡р╕Щр╣Йр╕│р╕Хр╕▓р╕е р╕кр╣Ир╕зр╕Щр╕кр╕╡р╕Бр╕▓р╕Бр╕╡р╕Фр╣Йр╕▓р╕вр╣Ар╕вр╣Зр╕Ър╣Др╕бр╣Ир╣Ар╕гр╕╡р╕вр╕Ър╕гр╣Йр╕нр╕вр╕Чр╕▒р╣Йр╕Зр╕Хр╕гр╕Зр╣Ар╕Ыр╣Йр╕▓р╣Бр╕ер╕░р╕Вр╕▓р╕Бр╕▓р╕Зр╣Ар╕Бр╕З р╕Фр╣Йр╕▓р╕вр╕лр╕ер╕╕р╕Фр╕гр╕╕р╣Ир╕вр╣Ар╕вр╕нр╕░р╕бр╕▓р╕Б р╕Фр╕╢р╕Зр╣Бр╕ер╣Йр╕зр╕Фр╣Йр╕▓р╕вр╕гр╣Ир╕Щ р╕Хр╣Йр╕нр╕Зр╕бр╕▓р╕Щр╕▒р╣Ир╕Зр╕Хр╕▒р╕Фр╣Ар╕вр╣Зр╕Ър╣Ар╕нр╕З р╣Ар╕кр╕╡р╕вр╣Ар╕зр╕ер╕▓р╕бр╕▓р╕Бр╕Др╣Ир╕░,0
р╣Др╕Фр╣Йр╕гр╕▒р╕Ър╕кр╕┤р╕Щр╕Др╣Йр╕▓р╣Др╕бр╣Ир╣Ар╕гр╣Зр╕зр╣Др╕бр╣Ир╕Кр╣Йр╕▓р╕Др╣Ир╕░р╕Цр╕╖р╕нр╕зр╣Ир╕▓р╕Ыр╕Бр╕Хр╕┤ р╣Ар╕Щр╕╖р╣Йр╕нр╕Ьр╣Йр╕▓р╕Щр╕╕р╣Ир╕бр╕Фр╕╡р╕Щр╕░р╕Др╕░р╣Др╕бр╣Ир╣Ар╕лр╕бр╕╖р╕нр╕Щр╕вр╕╡р╕Щр╕кр╣Мр╣Бр╕Хр╣Ир╕Ър╕▓р╕Зр╣Др╕Ыр╕лр╕Щр╣Ир╕нр╕вр╕Щр╕╢р╕Зр╕нр╣Ир╕░р╣Бр╕Зр╕З р╣Ар╕гр╕▓р╣Ар╕нр╕з 25 р╕кр╕░р╣Вр╕Юр╕Б 34 р╣Гр╕кр╣Ир╣Бр╕ер╣Йр╕зр╕Др╕▒р╕Ър╕кр╕░р╣Вр╕Юр╕Бр╕Щр╕┤р╕Фр╕Щр╕╢р╕Зр╣Бр╕Хр╣Ир╕Бр╣Зр╣Вр╕нр╣Ар╕Др╕Др╣Ир╕░ р╕Цр╣Йр╕▓р╕нр╣Йр╕зр╕Щр╕Бр╕зр╣Ир╕▓р╕Др╕Зр╣Гр╕кр╣Ир╣Др╕бр╣Ир╣Др╕Фр╣Йр╣Бр╕гр╣Йр╕з,0
р╕Фр╕╡р╕бр╕▓р╕Бр╣Ар╕гр╕┤р╣Ир╕Фр╣Жр╣Жр╕кр╕Ыр╕▓р╕кр╕лр╕зр╕Бр╕зр╕Ьр╕зр╕кр╣Бр╕кр╕Бр╕зр╕лр╕зр╕Зр╕Бр╕зр╕Бр╕Ър╕Бр╕Фр╣Ар╕гр╕Щр╕Бр╕зр╕Фр╕зр╕Бр╕зр╕Зр╕Фр╕Зр╕нр╕Зр╕Бр╕Зр╕кр╕│р╕кр╕Фр╕кр╕Фр╕Щр╕Фр╕Щр╕кр╣Ар╕кр╕нр╕кр╕нр╕кр╕кр╕Фр╕кр╣Б,1
XSя╝Ър╣Ар╕нр╕з22-24р╕Щр╕┤р╣Йр╕з р╕кр╕░р╣Вр╕Юр╕Б36.5р╕Щр╕┤р╣Йр╕з р╕Вр╕▓р╕вр╕▓р╕з37.5р╕Щр╕┤р╣Йр╕з р╕Вр╕▓р╕Бр╕зр╣Йр╕▓р╕З22.5р╕Щр╕┤р╣Йр╕з Sя╝Ър╣Ар╕нр╕з25-26р╕Щр╕┤р╣Йр╕з р╕кр╕░р╣Вр╕Юр╕Б37р╕Щр╕┤р╣Йр╕з р╕Вр╕▓р╕вр╕▓р╕з38р╕Щр╕┤р╣Йр╕з р╕Вр╕▓р╕Бр╕зр╣Йр╕▓р╕З23р╕Щр╕┤р╣Йр╕з,1
р╕Цр╕╖р╕нр╕зр╣Ир╕▓р╣Гр╕Кр╣Йр╣Др╕Фр╣Йр╕Щр╕░р╣Ар╕бр╕╖р╣Ир╕нр╣Ар╕Чр╕╡р╕вр╕Ър╕Бр╕▒р╕Ър╕гр╕▓р╕Др╕▓ р╕Бр╕▓р╕Зр╣Ар╕Бр╕Зр╕бр╕▒р╕Щр╕вр╕╖р╕Фр╣Ар╕ер╕вр╕Юр╕нр╣Гр╕кр╣Ир╣Др╕Фр╣Й р╕гр╕╣р╣Йр╕кр╕╢р╕Бр╣Ар╕ер╣Зр╕Бр╕Бр╕зр╣Ир╕▓р╕Ыр╕Бр╕Хр╕┤р╕лр╕Щр╣Ир╕нр╕вр╕Щр╕░ р╕нр╕▓р╕Ир╕Хр╣Йр╕нр╕Зр╣Ар╕Юр╕┤р╣Ир╕бр╕кр╕▒р╕Б 1 р╣Др╕Лр╕кр╣М р╣Бр╕Хр╣Ир╕Хр╕▒р╕зр╕Щр╕╡р╣Йр╕Др╕╖р╕нр╣Гр╕кр╣Ир╕бр╕▓р╣Бр╕ер╣Йр╕зр╕бр╕▒р╕Щр╕Бр╣Зр╕Ир╕░р╕Др╣Ир╕нр╕вр╣Жр╕Вр╕вр╕▓р╕вр╣Ар╕нр╕З5555,0
р╕Вр╕нр╕гр╕╡р╕зр╕┤р╕зр╣Ар╕Ыр╣Зр╕Щр╕гр╕╣р╕Ыр╕нр╕╖р╣Ир╕Щр╕░р╕Др╕░ р╣Гр╕кр╣Ир╕Юр╕нр╕Фр╕╡р╕Хр╕▒р╕зр╣Ар╕ер╕вр╕Фр╕╡р╕бр╕▓р╕Б р╣Ар╣Ар╕Хр╣Ир╕кр╕▒р╣Ир╕Зр╕Хр╕▒р╕зр╕нр╕╖р╣Ир╕Щр╣Др╕Лр╕гр╣Мр╣Ар╕Фр╕╡р╕вр╕зр╕Бр╕▒р╕Щр╣Др╕Ыр╕Хр╕▒р╕зр╕Чр╕╡р╣Ир╕Юр╕╢р╣Ир╕Зр╕кр╕▒р╣Ир╕Зр╕бр╕▓р╣Ар╕ер╣Зр╕Бр╕лр╕зр╣Ир╕▓р╕Хр╕▒р╕зр╕кр╕╡р╕Вр╕▓р╕зр╕Чр╕▒р╣Йр╕Зр╣Жр╕Чр╕╡р╣Ир╣Др╕Лр╕гр╣Мр╣Ар╕Фр╕╡р╕вр╕зр╕Бр╕▒р╕Щр╣Ар╣Ар╕Хр╣Ир╕Чр╕▓р╕Зр╕гр╣Йр╕▓р╕Щр╕гр╕▒р╕Ър╕Ьр╕┤р╕Фр╕Кр╕нр╕Ър╣Ар╣Ар╕ер╕░р╕Др╕╖р╕Щр╣Ар╕Зр╕┤р╕Щр╕бр╕▓р╣Ар╕гр╕╡р╕вр╕Щр╕гр╣Йр╕нр╕вр╣Ар╣Ар╕ер╣Йр╕зр╕Ър╕гр╕┤р╕Бр╕▓р╕гр╕Фр╕╡р╕бр╕▓р╕Бр╕Чр╕▒р╕Щр╣Гр╕Ир╕кр╕╕р╕Фр╣Жр╣Ар╕Ыр╣Зр╕Щр╕гр╣Йр╕▓р╕Щр╕нр╕╖р╣Ир╕Щр╕Др╕Зр╣Др╕бр╣Ир╕Хр╕нр╕Ър╣Ар╣Ар╕ер╣Йр╕з р╕Ир╕░р╣Ар╕ер╕┤р╕Бр╣Ар╕нр╕▓р╣Гр╕Ир╣Др╕Ыр╕гр╕▒р╕Б р╕Др╕Щр╕Чр╕╡р╣Ир╣Др╕бр╣Ир╕гр╕▒р╕Бр╣Ар╕гр╕▓ р╕Ир╕░р╣Ар╕ер╕┤р╕Бр╣Ар╕нр╕▓р╣Гр╕Ир╣Др╕Ыр╕Чр╕┤р╣Йр╕З р╣Гр╕лр╣Йр╣Ар╕Ир╣Зр╕Ър╣Гр╕лр╣Йр╕Ыр╕зр╕Фр╕гр╣Йр╕▓р╕з р╣Ар╕Юр╕гр╕▓р╕░р╕Чр╕│р╕Фр╕╡р╣Ар╕Чр╣Ир╕▓р╣Др╕лр╕г,1
р╕Чр╕гр╕Зр╕кр╕зр╕в р╕Ьр╣Йр╕▓р╕Фр╕╡р╣Др╕бр╣Ир╕Ър╕▓р╕З р╕кр╣Ир╕Зр╕Вр╕нр╕Зр╣Ар╕гр╣Зр╕зр╕зр╕зр╕зр╕зр╕зр╕зр╕зр╕зр╕зр╕зр╕зр╕зр╕зр╕зр╕зр╕зр╕зр╕зр╕зр╕зр╕зр╕зр╕зр╕зр╕зр╕зр╕зр╕зр╕зр╕зр╕зр╕зр╕зр╕зр╕зр╕зр╕зр╕зр╕зр╕зр╕зр╕зр╕зр╕зр╕зр╕зр╕зр╕зр╕зр╕зр╕зр╕зр╕зр╕зр╕зр╕зр╕з,1
ЁЯТЧр╣Ар╕Др╕кр╕Ър╕▓р╕Зр╣Бр╕ер╕░р╕Щр╣Йр╕│р╕лр╕Щр╕▒р╕Бр╣Ар╕Ър╕▓р╕кр╕▓р╕бр╕▓р╕гр╕Цр╕Цр╕╖р╕нр╕Юр╕Бр╕Юр╕▓р╕лр╕гр╕╖р╕нр╣Ар╕Бр╣Зр╕Ър╣Гр╕кр╣Ир╕Бр╕гр╕░р╣Ар╕Ыр╣Лр╕▓р╕Юр╕Бр╕Юр╕▓р╣Др╕Фр╣Йр╕кр╕░р╕Фр╕зр╕Б ЁЯТЧр╕зр╕▒р╕кр╕Фр╕╕р╕Юр╕гр╕╡р╣Ар╕бр╕╡р╣Ир╕вр╕бр╕Ьр╕кр╕бр╕гр╕░р╕лр╕зр╣Ир╕▓р╕З PU р╣Бр╕ер╕░ р╣Др╕бр╣Вр╕Др╕гр╣Др╕Яр╣Ар╕Ър╕нр╕гр╣Мр╣Ар╕Ър╕▓ р╕Вр╣Йр╕▓р╕Зр╕Щр╕нр╕Бр╣Ар╕Ыр╣Зр╕Щр╕лр╕Щр╕▒р╕З р╕Вр╣Йр╕▓р╕Зр╣Гр╕Щр╕Бр╕│р╕бр╕░р╕лр╕вр╕╡р╣И ЁЯТЧр╕кр╕▓р╕бр╕▓р╕гр╕Цр╕Хр╕▒р╣Йр╕Зр╣Др╕Фр╣Й 2 р╣Бр╕Ър╕Ъ (30 р╕нр╕Зр╕ир╕▓ р╣Бр╕ер╕░ 80 р╕нр╕Зр╕ир╕▓) ЁЯТЧр╕бр╕╡р╕Чр╕╡р╣Ир╣Ар╕Бр╣Зр╕Ър╕Ыр╕▓р╕Бр╕Бр╕▓р╣Гр╕Щр╕Хр╕▒р╕з ЁЯТЧр╕кр╕▓р╕бр╕▓р╕гр╕Цр╣Ар╕кр╕╡р╕вр╕Ър╕Ыр╕▓р╕Бр╕Бр╕▓р╕Юр╕▒р╕Бр╣Бр╕Щр╕зр╕Хр╕▒р╣Йр╕Зр╣Др╕Фр╣Й ЁЯТЧр╕гр╕╣р╕нр╕нр╕Бр╕ер╕│р╣Вр╕Юр╕З р╣Бр╕ер╕░ р╕гр╕нр╕Зр╕гр╕▒р╕Ър╕Ыр╕╕р╣Ир╕бр╕Хр╣Ир╕▓р╕Зр╣Ж * р╕кр╕╡: р╕Яр╣Йр╕▓р╕нр╣Ир╕нр╕Щ / р╕кр╕╡р╕Ф,1
XSя╝Ър╣Ар╕нр╕з22-24р╕Щр╕┤р╣Йр╕з р╕Вр╕▓р╕Бр╕зр╣Йр╕▓р╕З22.5р╕Щр╕┤р╣Йр╕з Sя╝Ър╣Ар╕нр╕з25-26р╕Щр╕┤р╣Йр╕з р╕кр╕░р╣Вр╕Юр╕Б37р╕Щр╕┤р╣Йр╕з р╕Вр╕▓р╕Бр╕зр╣Йр╕▓р╕З23р╕Щр╕┤р╣Йр╕з M я╝Ър╣Ар╕нр╕з27-28р╕Щр╕┤р╣Йр╕з р╕кр╕░р╣Вр╕Юр╕Б38.5р╕Щр╕┤р╣Йр╕з р╕Вр╕▓р╕вр╕▓р╕з38.5р╕Щр╕┤р╣Йр╕з L я╝Ър╣Ар╕нр╕з29-29.5р╕Щр╕┤р╣Йр╕з XL я╝Ър╣Ар╕нр╕з30-31р╕Щр╕┤р╣Йр╕з р╕кр╕░р╣Вр╕Юр╕Б41.5р╕Щр╕┤р╣Йр╕з р╕Вр╕▓р╕вр╕▓р╕з39.5р╕Щ,1
р╕кр╕зр╕вр╕Др╣Ир╕░ р╕Кр╕нр╕Ър╕бр╕▓р╕Бр╕Бр╕Бр╕Бр╕Бр╕Бр╕Бр╕Бр╕Бр╕Бр╕Бр╕Бр╕Бр╕Бр╕Бр╕Бр╕Бр╕Бр╕Бр╕Бр╕Бр╕Бр╕Бр╕Бр╕Бр╕Фр╕Фр╕Фр╕Фр╕Фр╕Фр╕Фр╕Фр╕Фр╕Фр╕Фр╕Фр╕Фр╕Фр╣Ар╕▒р╕╡р╕▓р╕▓р╕вр╕зр╕зр╕вр╕зр╕зр╕бр╕▓р╕Щр╕╡р╣Ир╕Щр╕зр╕зр╕зр╕Ър╕зр╕бр╕бр╕кр╕Щр╕Щр╕Щр╕Хр╕гр╕Зр╕Ыр╕Б р╣Др╕бр╣Ир╕Ьр╕┤р╕Фр╕лр╕зр╕▒р╕Зр╣Ар╕ер╕в,1
р╕Фр╕╡р╕бр╕▓р╕Бр╕Бр╕Бр╕Бр╕Бр╕Бр╕Бр╕Бр╕Бр╕Бр╕Бр╕Бр╕Бр╕Бр╕Бр╕Бр╕Бр╕Бр╕Бр╕Бр╕кр╣Ир╕Зр╣Др╕зр╕зр╕зр╕зр╕зр╕зр╕зр╕зр╕зр╕зр╕зр╕зр╕зр╕зр╕зр╕зр╕зр╕зр╕зр╕зр╕зр╕зр╕зр╕зр╕зр╕зр╕зр╕зр╕зр╕зр╕зр╕зр╕зр╕зр╕зр╕зр╕зр╕зр╕зр╕зр╕зр╕зр╕зр╕зр╕зр╕зр╕кр╕▒р╣Ир╕Зр╣Гр╕лр╕бр╣Ир╕нр╕╡р╕Бр╣Бр╕Щр╣Ир╕Щр╕нр╕Щр╕Щр╕Щр╕Щр╕Щр╕Щр╕Щр╕Щр╕Щр╕Щ,1
р╕кр╕┤р╕Щр╕Др╣Йр╕▓р╕Ир╕▒р╕Фр╕кр╣Ир╕Зр╣Др╕зр╕Др╕░ 2 р╕зр╕▒р╕Щр╕Цр╕╢р╕З р╕кр╕┤р╕Щр╕Др╣Йр╕▓р╕кр╕бр╕Ър╕╣р╕гр╕Ур╣Мр╣Бр╕Ър╕Ъ р╕нр╕нр╕Бр╣Гр╕Ър╕Бр╕│р╕Бр╕▒р╕Ър╕ар╕▓р╕йр╕╡р╣Др╕Фр╣Й р╕Ир╕░р╕нр╕╕р╕Фр╕лр╕Щр╕╕р╕Щр╕нр╕╡р╕Б р╕кр╕┤р╕Щр╕Др╣Йр╕▓р╕Ир╕▒р╕Фр╕кр╣Ир╕Зр╣Др╕зр╕Др╕░ 2 р╕зр╕▒р╕Щр╕Цр╕╢р╕З р╕кр╕┤р╕Щр╕Др╣Йр╕▓р╕кр╕бр╕Ър╕╣р╕гр╕Ур╣Мр╣Бр╕Ър╕Ъ р╕нр╕нр╕Бр╣Гр╕Ър╕Бр╕│р╕Бр╕▒р╕Ър╕ар╕▓р╕йр╕╡р╣Др╕Фр╣Й р╕Ир╕░р╕нр╕╕р╕Фр╕лр╕Щр╕╕р╕Щр╕нр╕╡р╕Б р╕кр╕┤р╕Щр╕Др╣Йр╕▓р╕Ир╕▒р╕Фр╕кр╣Ир╕Зр╣Др╕зр╕Др╕░ 2 р╕зр╕▒р╕Щр╕Цр╕╢р╕З р╕кр╕┤р╕Щр╕Др╣Йр╕▓р╕кр╕бр╕Ър╕╣р╕гр╕Ур╣Мр╣Бр╕Ър╕Ъ р╕нр╕нр╕Бр╣Гр╕Ър╕Бр╕│р╕Бр╕▒р╕Ър╕ар╕▓р╕йр╕╡р╣Др╕Фр╣Й р╕Ир╕░р╕нр╕╕р╕Фр╕лр╕Щр╕╕р╕Щр╕нр╕╡р╕Б,0
р╣Др╕Фр╣Йр╕кр╕┤р╕Щр╕Др╣Йр╕▓р╕Др╕гр╕Ър╕Др╣Ир╕░ р╣Бр╕Юр╕Др╕бр╕▓р╕Фр╕╡ р╕ер╕нр╕Зр╣Гр╕Кр╣Йр╕Бр╣Ир╕нр╕Щр╣Ар╕Лр╕Хр╣Бр╕гр╕Б р╕Цр╣Йр╕▓р╕Фр╕╡р╕нр╕╕р╕Фр╕лр╕Щр╕╕р╕Щр╣Ар╕Юр╕┤р╣Ир╕бр╕нр╕╡р╕Бр╣Бр╕Щр╣Ир╕Щр╕нр╕Щ р╕кр╣Ир╕Зр╣Ар╕гр╣Зр╕зр╕бр╕▓р╕Б р╕Юр╕Щр╕▒р╕Бр╕Зр╕▓р╕Щр╕Вр╕Щр╕кр╣Ир╕Зр╕Юр╕╣р╕Фр╣Ар╕Юр╕гр╕▓р╕░ р╕Др╕Эр╕гр╕зр╕бр╣Жр╣Бр╕ер╣Йр╕зр╕Фр╕╡ р╕Фр╕╡ р╕Фр╕╡ р╕Фр╕╡р╕Фр╕╡р╕Фр╕╡р╕Фр╕╡р╕Фр╕╡р╕Фр╕╡р╕Фр╕╡р╕Фр╕╡р╕Фр╕╡р╕Фр╕╡р╕Фр╕╡р╕Фр╕╡р╕Фр╕╡р╕Фр╕╡р╕Фр╕╡р╕Фр╕╡р╕Фр╕╡р╕Фр╕╡р╕Фр╕╡р╕Фр╕╡р╕Фр╕╡р╕Фр╕╡р╕Фр╕╡р╕Фр╕╡р╕Фр╕╡р╕Фр╕╡р╕Фр╕╡р╕Фр╕╡р╕Фр╕╡р╕Фр╕╡р╕Фр╕╡р╕Фр╕╡р╕Фр╕╡р╕Фр╕╡р╕Фр╕╡,1
р╕Ьр╕ер╕┤р╕Хр╕ар╕▒р╕Ур╕Ср╣Мр╕бр╕╡р╕Вр╕Щр╕▓р╕Фр╣Гр╕лр╕Нр╣Ир╕Ыр╕гр╕┤р╕бр╕▓р╕Ур╣Ар╕вр╕нр╕░р╕Ър╕гр╕гр╕Ир╕╕р╕ар╕▒р╕Ур╕Ср╣Мр╣Гр╕Кр╣Йр╕кр╕░р╕Фр╕зр╕Бр╣Бр╕Вр╣Зр╕Зр╣Бр╕гр╕Зр╕Чр╕Фр╕ер╕нр╕Зр╣Гр╕Кр╣Йр╕бр╕▓р╕Ыр╕гр╕░р╕бр╕▓р╕У1р╣Ар╕Фр╕╖р╕нр╕Щ р╕вр╕▒р╕Зр╣Др╕бр╣Ир╣Ар╕лр╣Зр╕Щр╕Ьр╕ер╕ер╕▒р╕Юр╕Шр╣Мр╣Ар╕гр╕╖р╣Ир╕нр╕Зр╕Бр╕▓р╕гр╕ер╕Фр╕гр╕┤р╣Йр╕зр╕гр╕нр╕в р╕Хр╕▒р╕зр╕Ьр╕ер╕┤р╕Хр╕ар╕▒р╕Ур╕Ср╣Мр╣Ар╕бр╕╖р╣Ир╕нр╣Гр╕Кр╣Йр╕Чр╕▓р╕Ър╕Щр╣Гр╕Ър╕лр╕Щр╣Йр╕▓р╕гр╕╣р╣Йр╕кр╕╢р╕Бр╕Цр╕╢р╕Зр╕Др╕зр╕▓р╕бр╕Хр╕╢р╕Зр╣Бр╕Ър╕Ър╕Хр╕╢р╕Зр╣Ар╕нр╕╡р╣Кр╕вр╕Фр╕Фр╕Фр╕Ф р╣Бр╕Хр╣Ир╣Ар╕Щр╕╖р╣Йр╕нр╕Вр╕нр╕Зр╕Ьр╕ер╕┤р╕Хр╕ар╕▒р╕Ур╕Ср╣Мр╣Др╕бр╣Ир╕Др╣Ир╕нр╕вр╕Лр╕╢р╕бр╣Ар╕Вр╣Йр╕▓р╕кр╕╣р╣Ир╕Ьр╕┤р╕з р╕нр╕вр╕▓р╕Бр╣Гр╕лр╣Йр╕Ыр╕гр╕▒р╕Ър╕Ыр╕гр╕╕р╕Зр╣Ар╕гр╕╖р╣Ир╕нр╕Зр╕Йр╕ер╕▓р╕Бр╕Ьр╕ер╕┤р╕Хр╕ар╕▒р╕Ур╕Ср╣Мр╣Бр╕ер╕░р╣Бр╕Щр╕░р╕Щр╕│р╕зр╕┤р╕Шр╕╡р╕Бр╕▓р╕гр╣Гр╕Кр╣Йр╣Бр╕Щр╕Ър╕бр╕▓р╕Фр╣Йр╕зр╕в,0
ЁЯТХ р╕кр╕зр╕▒р╕кр╕Фр╕╡! р╕вр╕┤р╕Щр╕Фр╕╡р╕Хр╣Йр╕нр╕Щр╕гр╕▒р╕Ър╕кр╕╣р╣Ир╕гр╣Йр╕▓р╕Щр╕Др╣Йр╕▓р╕Вр╕нр╕Зр╣Ар╕гр╕▓! ЁЯТХ тШОр╣Ар╕зр╕ер╕▓р╕Хр╕нр╕Ър╕Бр╕ер╕▒р╕Ъ: р╕зр╕▒р╕Щр╕Ир╕▒р╕Щр╕Чр╕гр╣Мр╕Цр╕╢р╕Зр╣Ар╕кр╕▓р╕гр╣М 9:00-6: 00 р╕Щ. (р╕лр╕▓р╕Бр╣Ар╕гр╕▓р╣Др╕бр╣Ир╕Хр╕нр╕Ър╕Бр╕ер╕▒р╕Ър╕Др╕╕р╕Ур╕Чр╕▒р╕Щр╣Ар╕зр╕ер╕▓р╣Вр╕Ыр╕гр╕Фр╣Ар╕Вр╣Йр╕▓р╣Гр╕И ЁЯШШ) ЁЯЪЫ р╣Ар╕зр╕ер╕▓р╣Гр╕Щр╕Бр╕▓р╕гр╕Ир╕▒р╕Фр╕кр╣Ир╕З: 2-3 р╕зр╕▒р╕Щр╕Чр╕│р╕Бр╕▓р╕г р╣Ар╕зр╕ер╕▓р╕Ир╕▒р╕Фр╕кр╣Ир╕З: 10-15 р╕зр╕▒р╕Щ тЪая╕П р╕лр╕▓р╕Бр╕Др╕╕р╕Ур╕бр╕╡р╕Др╕│р╕Цр╕▓р╕бр╣Гр╕Ф р╣Ж р╕Др╕╕р╕Ур╕кр╕▓р╕бр╕▓р╕гр╕Цр╕Хр╕┤р╕Фр╕Хр╣Ир╕нр╣Ар╕гр╕▓р╣Др╕Фр╣Й р╕кр╕гр╕гр╕Юр╕Др╕╕р╕У : р╕Щр╕╕р╣Ир╕бр╕Щр╕зр╕ер╕Щр╕╕р╣Ир╕бр╕кр╕ер╕зр╕в р╕Чр╣Нр╕▓р╣Гр╕лр╣Йр╕Др╕╕р╕Ур╕нр╕нр╕Бр╕Ир╕▓р╕Бр╕Ър╣Йр╕▓р╕Щр╣Др╕Фр╣Йр╕нр╕вр╣Ир╕▓р╕Зр╕кр╕Ър╕▓р╕вр╣Гр╕Ир╣Вр╕Фр╕вр╣Др╕бр╣Ир╕Хр╣Йр╕н,1
р╕кр╕┤р╕Щр╕Др╣Йр╕▓р╕кр╣Ир╕Зр╣Ар╕гр╣Зр╕зр╕Бр╕зр╣Ир╕▓р╕Чр╕╡р╣Ир╕Др╕┤р╕Ф р╕ер╕нр╕Зр╣Бр╕ер╣Йр╕зр╣Гр╕Кр╣Йр╣Др╕Фр╣Й р╕Бр╕ер╕┤р╣Ир╕Щр╕лр╕нр╕б р╣Др╕бр╣Ир╣Бр╕кр╕Ър╕лр╕Щр╕▒р╕Зр╕ир╕╡р╕гр╕йр╕░ р╕гр╕▓р╕Др╕▓р╣Др╕бр╣Ир╣Бр╕Юр╕З р╕Ир╕▒р╕Ър╕Хр╣Йр╕нр╕Зр╣Др╕Фр╣Й р╕Ыр╕Бр╕Хр╕┤р╣Ар╕Ыр╣Зр╕Щр╕Др╕Щр╕Ьр╕бр╣Гр╕Щр╕бр╕▓р╕Б р╕Юр╕нр╣Др╕Фр╣Йр╕кр╣Ар╕Ыр╕гр╕вр╣Мр╕Щр╕╡р╣Йр╣Бр╕ер╣Йр╕зр╕Кр╣Ир╕зр╕вр╣Др╕Фр╣Йр╕бр╕▓р╕Бр╣Ар╕ер╕в р╕нр╕нр╕Бр╣Др╕Ыр╣Др╕лр╕Щр╕Юр╕нр╕Ьр╕бр╕бр╕▒р╕Щр╕Бр╣Зр╕Йр╕╡р╕Фр╣Гр╕кр╣Ир╕Ьр╕бр╣Бр╕Ыр╣Кр╕Ыр╣Ар╕Фр╕╡р╕вр╕зр╕Бр╣Зр╕Фр╕╣р╕Фр╕╡р╣Ар╕ер╕вр╕Ьр╕бр╣Др╕бр╣Ир╕бр╕▒р╕Щр╣Бр╕ер╕░р╕Ир╕▒р╕Фр╕Чр╕гр╕Зр╣Др╕Фр╣Йр╕Фр╕╡ р╕лр╕бр╕Фр╣Бр╕ер╣Йр╕зр╕Ир╕░р╕кр╕▒р╣Ир╕Зр╕нр╕╡р╕Бр╣Бр╕Щр╣Ир╕Щр╕нр╕Щ р╕Вр╕нр╕Зр╕Цр╕╣р╕Бр╣Бр╕ер╕░р╕Фр╕╡р╕бр╕╡р╕нр╕вр╕╣р╣Ир╕Ир╕гр╕┤р╕З р╣Бр╕Щр╕░р╕Щр╕│р╕гр╣Йр╕▓р╕Щр╕Щр╕╡р╣Йр╣Ар╕ер╕вр╕Др╣Ир╕░,0
р╕Др╕╕р╕Ур╕ар╕▓р╕Юр╕Вр╕нр╕Зр╕кр╕┤р╕Щр╕Др╣Йр╕▓р╕Фр╕╡р╕бр╕▓р╕Б р╕Др╕зр╕▓р╕бр╕Др╕╕р╣Йр╕бр╕Др╣Ир╕▓р╕Фр╕╡р╕бр╕▓р╕Б р╕Др╕зр╕▓р╕бр╕гр╕зр╕Фр╣Ар╕гр╣Зр╕зр╣Гр╕Щр╕Бр╕▓р╕гр╕Ир╕▒р╕Фр╕кр╣Ир╕Зр╕Фр╕╡р╕бр╕▓р╕Б р╕Бр╕▓р╕гр╣Гр╕лр╣Йр╕Ър╕гр╕┤р╕Бр╕▓р╕гр╕Ир╕▓р╕Бр╕гр╣Йр╕▓р╕Щр╕Др╣Йр╕▓р╕Фр╕╡р╕бр╕▓р╕Б р╕Бр╕▓р╕гр╣Гр╕лр╣Йр╕Ър╕гр╕┤р╕Бр╕▓р╕гр╕Ир╕▓р╕Бр╕Ър╕гр╕┤р╕йр╕▒р╕Чр╕Вр╕Щр╕кр╣Ир╕Зр╕Фр╕╡р╕бр╕▓р╕Б,0
р╣Др╕бр╣Ир╕бр╕╡р╕Ър╕▒р╕Ър╣Ар╕Ър╕┤р╣Йр╕ер╕бр╕▓р╣Бр╕Хр╣Ир╣Др╕бр╣Ир╕бр╕╡р╣Др╕гр╣Ар╕кр╕╡р╕вр╕лр╕▓р╕в р╕Эр╕▓р╣Др╕бр╣Ир╕гр╕▒р╣Ир╕зр╕Лр╕╢р╕б р╕Йр╕╡р╕Фр╣Др╕Фр╣Йр╕Ыр╕Бр╕Хр╕┤ р╕Вр╕зр╕Фр╣Гр╕лр╕Нр╣Ир╕бр╕▓р╕Бр╕Бр╕Бр╕Б р╣Бр╕Хр╣Ир╕Хр╕нр╕Щр╕Йр╕╡р╕Фр╕Бр╣Зр╣Др╕бр╣Ир╣Др╕Фр╣Йр╕гр╕╣р╣Йр╕кр╕╢р╕Бр╕бр╕▒р╕Щр╕Кр╣Ир╕зр╕вр╣Др╕гр╣Ар╕ер╕вр╣Ар╕лр╕бр╕╖р╕нр╕Щр╕Йр╕╡р╕Фр╕Щр╣Йр╕│р╕лр╕нр╕бр╣Гр╕кр╣Ир╕Ьр╕бр╕бр╕▓р╕Бр╕Бр╕зр╣Ир╕▓ р╕Бр╕ер╕┤р╣Ир╕Щр╕Др╣Ир╕нр╕Щр╕Вр╣Йр╕▓р╕Зр╕Йр╕╕р╕Щ,0
тЬир╕Ыр╕▓р╕Бр╕Бр╕▓р╕Фр╕нр╕ер╕ер╕╡р╣Ир╕нр╕▓р╕вр╕бр╕лр╕▒р╕ир╕Ир╕гр╕гр╕вр╣М р╣Др╕нр╣Ар╕Чр╣Зр╕бр╣Гр╕лр╕бр╣Ир╕кр╕╕р╕Фр╕ор╕нр╕Хр╕Вр╕нр╕Зр╕Лр╕╕р╕Ыр╕Хр╕▓р╕гр╣Мр╣Ар╕Бр╕▓р╕лр╕ер╕╡ р╕Чр╕╡р╣Ир╕Кр╣Ир╕зр╕вр╣Ар╕кр╕Бр╕Хр╕▓р╕Бр╕ер╕бр╣Вр╕Х р╣Ар╕Юр╕┤р╣Ир╕бр╕Фр╕нр╕ер╕ер╕╡р╣Ир╕нр╕▓р╕вр╣Гр╕лр╣Йр╕Хр╕▓р╕лр╕зр╕▓р╕Щр╕Йр╣Ир╕│р╣Др╕Фр╣Йр╕Чр╕▒р╕Щр╕Чр╕╡! р╣Гр╕Щр╣Бр╕Чр╣Ир╕Зр╣Ар╕Фр╕╡р╕вр╕з 1 р╣Бр╕Чр╣Ир╕З 290.- 2 р╣Бр╕Чр╣Ир╕З 580.- р╣Бр╕Цр╕бр╕ер╕┤р╕Ыр╕бр╕┤р╕Щр╕┤р╣Ар╕зр╕ер╣Ар╕зр╕Ч тА╝я╕П р╣Бр╕Ир╣Йр╕Зр╕кр╕╡р╣Гр╕Щр╣Бр╕Кр╕Чр╣Ар╕ер╕вр╕Др╣Ир╕▓ р╕лр╕гр╕╖р╕нр╣Вр╕Щр╣Кр╕Хр╣Др╕зр╣Йр╕Щр╕░р╕Др╕░ р╣Ар╕Щр╕╖р╣Ир╕нр╕Зр╕Ир╕▓р╕Бр╕Вр╣Йр╕нр╕Др╕зр╕▓р╕бр╣Ар╕ер╕╖р╕нр╕Бр╣Др╕бр╣Ир╕Юр╕нр╕Др╣Ир╕▓тА╝я╕П р╣Др╕бр╣Ир╕Хр╣Йр╕нр╕Зр╕Зр╣Йр╕нр╣Бр╕нр╕Ю р╣Др╕бр╣Ир╕Хр╣Йр╕нр╕Зр╣Ар╕Ир╣Зр╕Ър╕Хр╕▒р╕з! р╕Бр╣Зр╕бр╕╡р╕Фр╕нр╕ер╕ер╕╡р╣Ир╕нр╕▓р╕вр╣Др╕Фр╣Йр╕Чр╕▒р╕Щр╕Чр╕╡ р╣Бр╕Чр╣Ир╕Зр╣Ар╕Фр╕╡р╕вр╕з,1
р╕Др╕╕р╕Ур╕ар╕▓р╕Юр╕Вр╕нр╕Зр╕кр╕┤р╕Щр╕Др╣Йр╕▓р╕Фр╕╡р╕бр╕▓р╕Бр╣Жр╣Жр╣Жр╣Ар╕ер╕вр╕Др╣Ир╕░ р╕Кр╕нр╕Ър╣Жр╣Ж #р╣Бр╕Хр╣Ир╕Вр╕Щр╕кр╣Ир╕Зр╕Кр╣Йр╕▓р╕бр╕▓р╕Бр╣Жр╣Жр╣Жр╣Жр╕лр╕ер╕▓р╕вр╣Жр╣Жр╕зр╕▒р╕Щр╕Бр╕зр╣Ир╕▓р╕Ир╕░р╕Цр╕╢р╕З р╕гр╕▓р╕Др╕▓р╣Др╕бр╣Ир╣Бр╕гр╕Зр╣Ар╕лр╕бр╕▓р╕░р╕кр╕бр╕Бр╕▒р╕Ър╕кр╕┤р╕Щр╕Др╣Йр╕▓р╕Др╣Ир╕░,0
р╕кр╕┤р╕Щр╕Др╣Йр╕▓р╕Др╕╕р╕Ур╕ар╕▓р╕Ю р╕гр╕▓р╕Др╕▓р╣Ар╕лр╕бр╕▓р╕░р╕кр╕б р╕Др╕╕р╣Йр╕бр╕Др╣Ир╕▓ р╕Бр╕▓р╕гр╕Ър╕гр╕гр╕Ир╕╕р╕кр╕┤р╕Щр╕Др╣Йр╕▓р╕Ър╕гр╕гр╕Ир╕╕р╣Др╕Фр╣Йр╕Хр╕▓р╕бр╕бр╕▓р╕Хр╕гр╕Рр╕▓р╕Щ р╕Бр╕▓р╕гр╕Ир╕▒р╕Фр╕кр╣Ир╕Зр╕кр╕┤р╕Щр╕Др╣Йр╕▓р╣Др╕Фр╣Йр╕Хр╕▓р╕бр╣Ар╕зр╕ер╕▓ р╕Бр╕▓р╕гр╕Ър╕гр╕┤р╕Бр╕▓р╕гр╕Ир╕▓р╕Бр╕Ър╕гр╕┤р╕йр╕▒р╕Чр╕Вр╕Щр╕кр╣Ир╕Зр╕бр╕╡р╕Бр╕▓р╕гр╣Вр╕Чр╕гр╣Бр╕Ир╣Йр╕Зр╕Бр╣Ир╕нр╕Щр╕Бр╕▓р╕гр╕Ир╕▒р╕Фр╕кр╣Ир╕Зр╕кр╕┤р╕Щр╕Др╣Йр╕▓,0
"р╕зр╕нр╣Бр╕зр╕Фр╕╣р╕гр╕╡р╕зр╕┤р╕зр╣Бр╕ер╣Йр╕зр╕нр╕вр╕▓р╕Бр╣Др╕Фр╣Й р╣Ар╕нр╕▓р╕бр╕▓р╕Ыр╕▓р╕Фр╕Чр╕╡р╣Ир╕лр╕ер╕▒р╕Зр╕бр╕╖р╕нр╣Бр╕ер╣Йр╕зр╕гр╕нр╣Бр╕лр╣Йр╕Зр╕Лр╕▒р╕Бр╕Юр╕▒р╕Б р╕Хр╕┤р╕Фр╕Чр╕Щр╕бр╕▓р╕Бр╕Бр╕Б р╕Цр╕╣р╕вр╕▒р╕Зр╣Др╕Зр╕Бр╣Зр╣Др╕бр╣Ир╕нр╕нр╕Б р╣Бр╕Хр╣Ир╕Хр╕нр╕Щр╕Чр╕▓р╕Чр╕╡р╣Ир╕Хр╕▓,р╣Гр╕Хр╣Йр╕Хр╕▓ р╕Бр╣Йр╕Хр╕┤р╕Фр╕Чр╕Щр╕Щр╕░р╕Др╕░ р╣Бр╕Хр╣Ир╕Хр╕Бр╣Ар╕вр╣Зр╕Щр╕Ир╕░р╕гр╕╣р╣Йр╕кр╕╢р╕Бр╕зр╣Ир╕▓р╕лр╕ер╕╕р╕Фр╕нр╕нр╕Бр╕Щр╕┤р╕Фр╕лр╕Щр╣Ир╕нр╕в р╣Бр╕ер╣Йр╕зр╕Бр╣Зр╕Цр╣Йр╕▓р╣Гр╕Кр╣Йр╕Чр╕▓р╣Гр╕Хр╣Йр╕Хр╕▓р╕Др╕╖р╕нр╕Фр╕╡р╕Др╕╖р╕нр╣Бр╕Ър╣Кр╕з р╣Бр╕Хр╣Ир╕Цр╣Йр╕▓р╕Чр╕▓р╣Ар╕Ыр╣Зр╕Щр╣Др╕ор╣Др╕ер╕Чр╣Мр╕Кр╣Ир╕зр╕Зр╣Вр╕лр╕Щр╕Бр╣Бр╕Бр╣Йр╕б р╕лр╕гр╕╖р╕нр╕Бр╕гр╕░р╕Ир╕▒р╕Ър╕Ыр╕▓р╕Б р╕Ир╕░р╕гр╕╣р╣Йр╕кр╕╢р╕Бр╕зр╣Ир╕▓р╕бр╕▒р╕Щр╕зр╕┤р╣Йр╕Зр╕Др╣Мр╣Др╕Ы р╣Др╕бр╣Ир╕Др╣Ир╕нр╕вр╣Ар╕лр╕бр╕▓р╕░ р╕нр╕╡р╕Бр╣Ар╕Ър╕нр╕гр╣Мр╕Щр╣Ир╕▓р╕Ир╕░р╣Ар╕лр╕бр╕▓р╕░р╣Ар╕Ыр╣Зр╕Щр╣Др╕ор╣Др╕ер╕Чр╣Мр╕Бр╕зр╣Ир╕▓",0
р╕Щр╣Ир╕▓р╕гр╕▒р╕Бр╕бр╕▓р╕Бр╕Б р╕кр╕┤р╕Щр╕Др╣Йр╕▓р╕Др╕╕р╕Ур╕ар╕▓р╕Юр╕Фр╕╡р╣Бр╕Цр╕бр╕Ир╕▒р╕Фр╕кр╣Ир╕Зр╕гр╕зр╕Фр╣Ар╕гр╣Зр╕зр╕бр╕▓р╕Бр╕Б р╕Лр╕╖р╣Йр╕нр╕Бр╕▒р╕Ър╕гр╣Йр╕▓р╕Щр╕Др╕гр╕▒р╣Йр╕Зр╕Чр╕╡р╣И 2 р╣Бр╕ер╣Йр╕з р╣Др╕зр╣Йр╕Ир╕░р╕бр╕▓р╕нр╕╕р╕Фр╕лр╕Щр╕╕р╕Щр╣Гр╕лр╕бр╣Ир╕Щр╕░р╕Др╕░ р╕лр╕вр╕Юр╕▓р╣Ар╕зр╕вр╣Др╕кр╕│р╕зр╕Юр╕Зр╕Фр╕вр╕Фр╕│р╕▓р╕зр╕│р╕Ър╕кр╕│р╕кр╕│,1
"ыЛдыЭ╝ыЭ╝ыЭ╝ыЭ╝ыЭ╝ыжм ыДР ы│┤ъ│а ьЮИьЭМ ьЭМьХЕьЭ┤ babe ыДИые╝ ьЬДэХЬ ыйЬыбЬыФФ ыйЬыбЬыФФ yeah ыДдъ░А ыодьжИыЛИъ╣М ьЮШ ыУдьЦ┤ы┤Р play it ьВмьЛд ызРьЭ┤ьзА since seventeen, yeah ыДР ьзАь╝Ьы┤дьзА ызРьЭД ык╗эЦИьЭД ы┐Р ьЧмьаДэЮИ ыДд ьг╝ьЬМ ыз┤ыПМьХД ыСР ыИИьЭД ыЧД ьИШъ░А ьЧЖьЮЦьХД эШ╣ьЛЬ ыДИыПД ъ░ЩьЭА ызШьЭ╝ьзАыКФ ыВЬ ьХИ ъ╢Бъ╕ИэХ┤ yeah ыВЬ ыДдъ░А ьвЛьЬ╝ыЛИъ╣М",1
р╣Др╕Фр╣Йр╕гр╕▒р╕Ър╕кр╕┤р╕Щр╕Др╣Йр╕▓р╣Ар╕гр╕╡р╕вр╕Ър╕гр╣Йр╕нр╕в р╕Ир╕▒р╕Фр╕кр╣Ир╕Зр╣Др╕зр╕Др╣Ир╕░ р╣Ар╕Щр╕╖р╣Йр╕нр╕Фр╕╡р╕бр╕▓р╕Бр╕Др╣Ир╕░ р╣Ар╕Вр╕╡р╕вр╕Щр╣Бр╕ер╣Йр╕зр╣Др╕бр╣Ир╣Ар╕Ыр╕Щр╕Бр╣Йр╕нр╕Щ р╣Бр╕Щр╕░р╕Щр╕│р╣Ар╕ер╕в р╣Ар╕Вр╕╡р╕вр╕Щр╣Бр╕ер╣Йр╕зр╕Яр╕╕р╣Йр╕Зр╣Жр╕Фр╕╡р╕Др╣Ир╕░ р╕Кр╕нр╕Ъ р╕Чр╕▓р╕Зр╕гр╣Йр╕▓р╕Щр╕Хр╕нр╕Ър╣Бр╕Кр╕Чр╕Фр╕╡р╕Др╣Ир╕░ р╕гр╕▓р╕Др╕▓р╕Щр╣Ир╕▓р╕гр╕▒р╕Бр╣Др╕зр╣Йр╕Ир╕░р╕нр╕╕р╕Фр╕лр╕Щр╕╕р╕Щр╣Гр╕лр╕бр╣Ир╕нр╕╡р╕Бр╕Щр╕░р╕Др╣Ир╕░,0
р╣Др╕Фр╣Йр╕гр╕▒р╕Ър╕кр╕┤р╕Щр╕Др╣Йр╕▓р╣Ар╕гр╕╡р╕вр╕Ър╕гр╣Йр╕нр╕вр╣Бр╕ер╣Йр╕з р╕гр╣Йр╕▓р╕Щр╕кр╣Ир╕Зр╕кр╕┤р╕Щр╕Др╣Йр╕▓р╣Др╕зр╕Др╣Ир╕░ р╕Вр╕Щр╕кр╣Ир╕Зр╕Бр╣Зр╕кр╣Ир╕Зр╣Др╕зр╕нр╕вр╕╣р╣Ир╕Щр╕░р╕Др╕░ р╣Вр╕Фр╕вр╕гр╕зр╕бр╕Цр╕╣р╕Бр╣Гр╕Ир╣Бр╕ер╕░р╕Ыр╕гр╕░р╕Чр╕▒р╕Ър╣Гр╕Ир╕Др╣Ир╕░ р╣Гр╕Кр╣Йр╕Фр╕╡р╕бр╕╡р╕Др╕гр╕▒р╣Йр╕Зр╕Хр╣Ир╕нр╣Др╕Ыр╣Бр╕Щр╣Ир╣Жр╕Др╣Ир╕░,0
р╕Фр╕╡р╕бр╕▓р╕Бр╣Ар╕ер╕вр╕гр╕▓р╕Др╕▓р╣Др╕бр╣Ир╣Бр╕Юр╕З р╕кр╕┤р╕Щр╕Др╣Йр╕▓р╕гр╕▓р╕Др╕▓р╕Фр╕╡ р╕Др╕╕р╕Ур╕ар╕▓р╕Юр╕Вр╕нр╕Зр╕кр╕┤р╕Щр╕Др╣Йр╕▓ Ok р╕гр╣Йр╕▓р╕Щр╕Др╣Йр╕▓р╕Ир╕▒р╕Фр╕кр╣Ир╕Зр╕кр╕┤р╕Щр╕Др╣Йр╕▓р╕гр╕зр╕Фр╣Ар╕гр╣Зр╕з р╕гр╕нр╕Вр╕нр╕Зр╣Др╕бр╣Ир╕Щр╕▓р╕Щ р╕бр╕╡р╣Вр╕нр╕Бр╕▓р╕кр╕нр╕╕р╕Фр╕лр╕Щр╕╕р╕Щр╣Ар╕гр╕╖р╣Ир╕нр╕вр╣Жр╕Щр╕░р╕Др╕░ р╕Цр╕╣р╕Бр╣Гр╕Ир╕Др╣Ир╕░,0
р╕зр╕┤р╣Йр╕Зр╣Жр╕Хр╕┤р╕Фр╕Чр╕Щр╕Фр╕╡р╕Др╣Ир╕░р╣Др╕бр╣Ир╕ер╕░р╕ер╕▓р╕вр╕гр╕░р╕лр╕зр╣Ир╕▓р╕Зр╕зр╕▒р╕Щ р╣Ар╕Ыр╣Зр╕Щр╕Др╕Щр╕Хр╕▓р╕бр╕▒р╕Щр╣Ар╣Ар╕Хр╣Ир╣Гр╕Кр╣Йр╣Ар╣Ар╕ер╣Йр╕зр╣Др╕бр╣Ир╣Ар╕Ыр╣Зр╕Щр╕Др╕гр╕▓р╕Ър╣Ар╣Ар╕Хр╣Ир╕Чр╕╡р╣Ир╕Чр╕│р╣Ар╕Ыр╣Зр╕Щр╣Ар╕Зр╕▓р╕Др╕зр╕гр╣Гр╕Кр╣Йр╕Щр╕┤р╕Фр╣Ар╕Фр╕╡р╕вр╕зр╕Цр╣Йр╕▓р╣Гр╕Кр╣Йр╣Ар╕вр╕нр╕░р╕Хр╕▓р╕Ир╕░р╕Фр╕╣р╕Ър╕зр╕бр╣Ар╕Бр╕┤р╕Щр╣Др╕Ыр╕Др╣Ир╕░ р╣Ар╣Ар╕Щр╕░р╕Щр╕│р╣Гр╕Кр╣Йр╣Ар╣Ар╕Ыр╕гр╕Зр╕Ир╕┤р╣Йр╕бр╣Жр╣Ар╣Ар╕ер╣Йр╕зр╣Ар╕Вр╕╡р╕вр╕Щр╕Щр╕┤р╕Фр╣Ар╕Фр╕╡р╕вр╕зр╕Бр╣Зр╕Юр╕нр╕Др╣Ир╕░,0
р╕нр╕вр╕▓р╕Бр╣Гр╕лр╣Йр╕Щр╣Йр╕нр╕Зр╕Чр╕▓р╕Щр╕Вр╕Щр╕б р╣Бр╕Хр╣Ир╣Др╕бр╣Ир╕нр╕вр╕▓р╕Бр╣Гр╕лр╣Йр╕нр╣Йр╕зр╕Щ р╣Ар╕Ир╕нр╕кр╕┤р╕Щр╕Др╣Йр╕▓р╕Щр╕╡р╣Йр╣Ар╕лр╕бр╕╖р╕нр╕Щр╣Ар╕Ыр╣Зр╕Щр╣Ар╕Щр╕╖р╣Йр╕нр╕Ир╕гр╕┤р╕Зр╣Ж р╕Чр╕│р╣Др╕Фр╣Йр╕лр╕ер╕▓р╕вр╣Бр╕Ър╕Ъ р╣Вр╕гр╕вр╕нр╕▓р╕лр╕▓р╕гр╣Др╕Фр╣Й р╕Бр╕┤р╕Щр╕Бр╕гр╕нр╕Ър╣Жр╣Др╕Фр╣Й р╕лр╕гр╕╖р╕нр╣Бр╕Кр╣Ир╕Щр╣Йр╕│р╕Бр╣Зр╣Др╕Фр╣Й р╕Чр╕▓р╕Зр╕гр╣Йр╕▓р╕Щр╣Бр╕Юр╕Др╕бр╕▓р╕Фр╕╡ р╕Вр╕Щр╕бр╣Др╕бр╣Ир╕Др╣Ир╕нр╕вр╣Бр╕Хр╕Б р╕Ир╕▒р╕Фр╕кр╣Ир╕Зр╕гр╕зр╕Фр╣Ар╕гр╣Зр╕з,0
р╕Ыр╕гр╕░р╕лр╕вр╕▒р╕Фр╕Фр╕╡р╕Др╕░ р╕Цр╕╣р╕Бр╕Фр╣Йр╕зр╕в р╕кр╣Ир╕Зр╣Др╕з р╕Ыр╕гр╕░р╕лр╕вр╕▒р╕Фр╕Фр╕╡р╕Др╕░ р╕Цр╕╣р╕Бр╕Фр╣Йр╕зр╕в р╕кр╣Ир╕Зр╣Др╕з р╕Ыр╕гр╕░р╕лр╕вр╕▒р╕Фр╕Фр╕╡р╕Др╕░ р╕Цр╕╣р╕Бр╕Фр╣Йр╕зр╕в р╕кр╣Ир╕Зр╣Др╕з р╕Ыр╕гр╕░р╕лр╕вр╕▒р╕Фр╕Фр╕╡р╕Др╕░ р╕Цр╕╣р╕Бр╕Фр╣Йр╕зр╕в р╕кр╣Ир╕Зр╣Др╕з р╕Ыр╕гр╕░р╕лр╕вр╕▒р╕Фр╕Фр╕╡р╕Др╕░ р╕Цр╕╣р╕Бр╕Фр╣Йр╕зр╕в р╕кр╣Ир╕Зр╣Др╕з р╕Ыр╕гр╕░р╕лр╕вр╕▒р╕Фр╕Фр╕╡р╕Др╕░ р╕Цр╕╣р╕Бр╕Фр╣Йр╕зр╕в р╕кр╣Ир╕Зр╣Др╕з р╕Ыр╕гр╕░р╕лр╕вр╕▒р╕Фр╕Фр╕╡р╕Др╕░ р╕Цр╕╣р╕Бр╕Фр╣Йр╕зр╕в р╕кр╣Ир╕Зр╣Др╕з,1
р╕кр╕зр╕▒р╕кр╕Фр╕╡р╕Др╕гр╕▒р╕Ъ р╣Ар╕гр╕▓р╣Др╕Фр╣Йр╕гр╕▒р╕Ър╕кр╕┤р╕Щр╕Др╣Йр╕▓р╣Бр╕ер╣Йр╕зр╕Др╕гр╕▒р╕Ъ р╕Др╕гр╕Ър╕Хр╕гр╕Зр╕Хр╕▓р╕бр╕Чр╕╡р╣Ир╕Бр╕Фр╕кр╕▒р╣Ир╕З р╕Др╕╕р╕Ур╕ар╕▓р╕Юр╕Фр╕╡р╕бр╕▓р╕Бр╣Ж р╣Бр╕Юр╕Др╕кр╕┤р╕Щр╕Др╣Йр╕▓р╕Фр╕╡ р╕Ир╕▒р╕Фр╕кр╣Ир╕Зр╕Хр╕гр╕Зр╕Хр╕▓р╕бр╕зр╕▒р╕Щр╣Ар╕зр╕ер╕▓ р╕Вр╕нр╕Ър╕Др╕╕р╕Ур╕бр╕▓р╕Бр╣Жр╕Др╕гр╕▒р╕Ъ,0
р╣Др╕Фр╣Йр╕гр╕▒р╕Ър╕кр╕┤р╕Щр╕Др╣Йр╕▓р╕Др╕гр╕Ър╕Цр╣Йр╕зр╕Щ р╕кр╕ар╕▓р╕Юр╕кр╕бр╕Ър╕╣р╕гр╕Ур╣Мр╣Др╕бр╣Ир╣Ар╕кр╕╡р╕вр╕лр╕▓р╕в р╕Щр╣Йр╕нр╕Зр╣Бр╕бр╕зр╕Кр╕нр╕Ър╕бр╕▓р╕Бр╕Др╣Ир╕░р╕бр╕▓р╕Кр╣Ир╕зр╕вр╣Бр╕Бр╕░ р╣Ар╕Щр╕╖р╣Йр╕нр╕Кр╕┤р╣Йр╕Щр╣Гр╕лр╕Нр╣Ир╕бр╕▓р╕Бр╕Др╣Ир╕░ р╕Щр╣Ир╕▓р╕Бр╕┤р╕Щр╕бр╕▓р╕Б р╕Цр╕▓р╕бр╕Чр╕▓р╕Зр╕гр╣Йр╕▓р╕Щр╣Бр╕ер╣Йр╕зр╕зр╣Ир╕▓р╣Бр╕бр╕зр╕Бр╕┤р╕Щр╣Др╕Фр╣Йр╣Др╕лр╕б р╣Бр╕бр╕зр╕кр╕▓р╕бр╕▓р╕гр╕Цр╕Бр╕┤р╕Щр╣Др╕Фр╣Йр╕Др╣Ир╕░ р╣Бр╕Хр╣Ир╕Кр╕┤р╣Йр╕Щр╣Гр╕лр╕Нр╣Ир╕Хр╣Йр╕нр╕Зр╕Йр╕╡р╕Б р╕ер╕нр╕Зр╣Бр╕Кр╣Ир╕Щр╣Йр╕│р╣Бр╕ер╣Йр╕зр╕Бр╕ер╕▓р╕вр╣Ар╕Ыр╣Зр╕Щр╣Ар╕Щр╕╖р╣Йр╕нр╣Др╕Бр╣Ир╕Ыр╕Бр╕Хр╕┤р╣Ар╕ер╕в р╕кр╕гр╕╕р╕Ыр╕бр╕╡р╕Лр╕╖р╣Йр╕нр╕Др╕гр╕▒р╣Йр╕Зр╕Хр╣Ир╕нр╣Др╕Ыр╣Бр╕Щр╣Ир╕Щр╕нр╕Щр╕Др╣Ир╕░,0
р╕кр╣Ир╕Зр╣Др╕зр╕Др╣Ир╕░ р╕Фр╕╡р╣Жр╣Ж р╕кр╣Ир╕Зр╣Др╕зр╕Др╣Ир╕░ р╕Фр╕╡р╣Жр╣Ж р╕кр╣Ир╕Зр╣Др╕зр╕Др╣Ир╕░ р╕Фр╕╡р╣Жр╣Ж р╕кр╣Ир╕Зр╣Др╕зр╕Др╣Ир╕░ р╕Фр╕╡р╣Жр╣Ж р╕кр╣Ир╕Зр╣Др╕зр╕Др╣Ир╕░ р╕Фр╕╡р╣Жр╣Ж р╕кр╣Ир╕Зр╣Др╕зр╕Др╣Ир╕░ р╕Фр╕╡р╣Жр╣Ж р╕кр╣Ир╕Зр╣Др╕зр╕Др╣Ир╕░ р╕Фр╕╡р╣Жр╣Ж р╕кр╣Ир╕Зр╣Др╕зр╕Др╣Ир╕░ р╕Фр╕╡р╣Жр╣Ж р╕кр╣Ир╕Зр╣Др╕зр╕Др╣Ир╕░ р╕Фр╕╡р╣Жр╣Ж р╕кр╣Ир╕Зр╣Др╕зр╕Др╣Ир╕░ р╕Фр╕╡р╣Жр╣Ж р╕кр╣Ир╕Зр╣Др╕зр╕Др╣Ир╕░ р╕Фр╕╡р╣Жр╣Ж р╕кр╣Ир╕Зр╣Др╕зр╕Др╣Ир╕░ р╕Фр╕╡р╣Жр╣Ж р╕кр╣Ир╕Зр╣Др╕зр╕Др╣Ир╕░ р╕Фр╕╡р╣Жр╣Ж р╕кр╣Ир╕Зр╣Др╕зр╕Др╣Ир╕░ р╕Фр╕╡р╣Жр╣Ж,1
р╕Вр╕нр╕Зр╕Хр╕гр╕Зр╕Ыр╕Б р╕кр╕бр╕гр╕▓р╕Др╕▓ р╕кр╣Ир╕Зр╣Ар╕ер╕Чр╕Щр╕┤р╕Фр╕Щр╕╢р╕Зр╕Хр╕┤р╕Фр╕зр╕▒р╕Щр╕лр╕вр╕╕р╕Ф р╕Хр╕гр╕Зр╕Др╕зр╕▓р╕бр╕Хр╣Йр╕нр╕Зр╕Бр╕▓р╕г р╕Вр╕нр╕Зр╕Хр╕гр╕Зр╕Ыр╕Б р╕кр╕бр╕гр╕▓р╕Др╕▓ р╕кр╣Ир╕Зр╣Ар╕ер╕Чр╕Щр╕┤р╕Фр╕Щр╕╢р╕Зр╕Хр╕┤р╕Фр╕зр╕▒р╕Щр╕лр╕вр╕╕р╕Ф р╕Хр╕гр╕Зр╕Др╕зр╕▓р╕бр╕Хр╣Йр╕нр╕Зр╕Бр╕▓р╕г р╕Вр╕нр╕Зр╕Хр╕гр╕Зр╕Ыр╕Б р╕кр╕бр╕гр╕▓р╕Др╕▓ р╕кр╣Ир╕Зр╣Ар╕ер╕Чр╕Щр╕┤р╕Фр╕Щр╕╢р╕Зр╕Хр╕┤р╕Фр╕зр╕▒р╕Щр╕лр╕вр╕╕р╕Ф р╕Хр╕гр╕Зр╕Др╕зр╕▓р╕бр╕Хр╣Йр╕нр╕Зр╕Бр╕▓р╕г р╕Вр╕нр╕Зр╕Хр╕гр╕Зр╕Ыр╕Б р╕кр╕бр╕гр╕▓р╕Др╕▓ р╕кр╣Ир╕Зр╣Ар╕ер╕Чр╕Щр╕┤р╕Фр╕Щр╕╢р╕Зр╕Хр╕┤р╕Фр╕зр╕▒р╕Щр╕лр╕вр╕╕р╕Ф р╕Хр╕гр╕Зр╕Др╕зр╕▓р╕бр╕Хр╣Йр╕нр╕Зр╕Бр╕▓р╕г,1
р╕Щр╣Йр╕нр╕Зр╕лр╕бр╕▓р╕Кр╕нр╕Ър╕бр╕▓р╕Бр╣Жр╕Др╣Ир╕░ р╕Щр╣Йр╕нр╕Зр╕лр╕бр╕▓р╕Кр╕нр╕Ър╕бр╕▓р╕Бр╣Жр╕Др╣Ир╕░ р╕Щр╣Йр╕нр╕Зр╕лр╕бр╕▓р╕Кр╕нр╕Ър╕бр╕▓р╕Бр╣Жр╕Др╣Ир╕░ р╕Щр╣Йр╕нр╕Зр╕лр╕бр╕▓р╕Кр╕нр╕Ър╕бр╕▓р╕Бр╣Жр╕Др╣Ир╕░ р╕Щр╣Йр╕нр╕Зр╕лр╕бр╕▓р╕Кр╕нр╕Ър╕бр╕▓р╕Бр╣Жр╕Др╣Ир╕░ р╕Щр╣Йр╕нр╕Зр╕лр╕бр╕▓р╕Кр╕нр╕Ър╕бр╕▓р╕Бр╣Жр╕Др╣Ир╕░,1
р╣Бр╕Юр╕Др╕бр╕▓р╕Фр╕Фр╕╡ р╕кр╣Ир╕Зр╣Ар╕гр╕з р╕кр╕┤р╕Щр╕Др╣Йр╕▓р╕Ьр╕ер╕┤р╕Хр╣Гр╕лр╕бр╣И р╕Щр╣Йр╕нр╕Зр╕лр╕бр╕▓р╕Кр╕нр╕Ър╕Ър╕Ър╕Ър╕Ър╕Ър╕Ъ р╕ер╕╕р╕Бр╕Др╣Йр╕▓р╕Кр╕нр╕Ър╕Ър╕Ър╕Ър╕Ъ р╕Др╕╕р╣Йр╕бр╕Др╣Ир╕▓р╕Др╕╕р╣Йр╕бр╕гр╕▓р╕Др╕▓ р╕Хр╣Йр╕нр╕Зр╕лр╕бр╕▓р╕Кр╕нр╕Ър╕Ър╕Ър╕Ър╕Ър╕Ър╕Ър╕Ър╕Ър╕Ър╕Ър╕Ър╕Ър╕Ър╕Ър╕Ър╕Ър╕Ър╕Ър╕Ъ,1
р╕Хр╕гр╕Зр╕Ыр╕Б р╕гр╕▓р╕Др╕▓р╕кр╕╣р╕Зр╣Др╕Ыр╕Щр╕┤р╕Фр╕Щр╕╢р╕З р╕ер╕нр╕Зр╣Гр╕лр╣Йр╕Щр╣Йр╕нр╕Зр╕Бр╕┤р╕Щр╕Бр╣Ир╕нр╕Щр╕зр╣Ир╕▓р╕Кр╕нр╕Ър╣Др╕лр╕б р╣Жр╣Жр╣Жр╣Жр╣Жр╣Жр╣Жр╣Жр╣Жр╣Жр╣Жр╣Жр╣Жр╣Жр╣Жр╣Ж р╕гр╕▓р╕Др╕▓р╕кр╕╣р╕Зр╣Др╕Ыр╕Щр╕┤р╕Фр╣Жр╣Жр╣Жр╣Жр╣Жр╣Жр╣Жр╣Жр╣Жр╣Жр╣Жр╣Жр╣Жр╣Жр╣Жр╣Жр╣Жр╣Жр╣Жр╣Жр╣Жр╣Жр╣Жр╣Жр╣Жр╣Ж,1
р╕вр╕нр╕Ф р╕Фр╕╡р╣Ар╕ер╕┤р╕и р╣Ар╕Фр╣Зр╕Фр╕Вр╕▓р╕Ф р╕нр╕▒р╕Щр╕Фр╕▒р╕Ър╕лр╕Щр╕╢р╣Ир╕З р╕ир╕▒р╕Бр╕Фр╕┤р╣Мр╕кр╕┤р╕Чр╕Шр╕┤р╣М р╕бр╕лр╕▒р╕ир╕Ир╕гр╕гр╕вр╣М р╕Чр╕╡р╣Ир╕кр╕╕р╕Ф р╕кр╕╕р╕Фр╕вр╕нр╕Ф р╣Ар╕вр╕╡р╣Ир╕вр╕б р╕вр╕нр╕Фр╣Ар╕вр╕╡р╣Ир╕вр╕б р╕вр╕нр╕Ф р╣Ар╕вр╕╡р╣Ир╕вр╕бр╕вр╕нр╕Ф р╕Фр╕╡р╕Чр╕╡р╣Ир╕кр╕╕р╕Ф р╣Ар╕ер╕┤р╕ир╕Чр╕╡р╣Ир╕кр╕╕р╕Ф р╕Кр╕Щр╕░р╣Ар╕ер╕┤р╕и р╣Ар╕ер╕┤р╕ир╣Ар╕ер╕н р╕Фр╕╡р╣Ар╕Фр╣Ир╕Щ р╕кр╕╕р╕Фр╣Ар╕лр╕зр╕╡р╣Ир╕вр╕З р╕зр╕┤р╣Ар╕ир╕й р╕ор╕╡р╣Вр╕гр╣И р╕Ър╕гр╕┤р╕кр╕╕р╕Чр╕Шр╕┤р╣М р╕ер╣Йр╕│р╣Ар╕ер╕┤р╕и р╕Кр╕▒р╣Йр╕Щр╣Ар╕ер╕┤р╕и р╣Ар╕ер╕┤р╕ир╕ер╣Йр╕│ р╣Ар╕Фр╣Зр╕Ф р╕лр╕Щр╕╢р╣Ир╕Зр╣Ар╕Фр╕╡р╕вр╕з р╕Юр╕┤р╣Ар╕ир╕й р╕вр╕нр╕Фр╣Др╕Ыр╣Ар╕ер╕в р╣Ар╕вр╕╡р╣Ир╕вр╕бр╣Др╕Ыр╣Ар╕ер╕в р╕Чр╕╡р╣Ир╕лр╕Щр╕╢р╣Ир╕Зр╣Ар╕ер╕в р╣Вр╕Фр╕Фр╣Ар╕Фр╣Ир╕Щ р╕Ыр╕▓р╕Пр╕┤р╕лр╕▓р╕гр╕┤р╕вр╣М,1
р╕кр╕┤р╕Щр╕Др╣Йр╕▓р╣Вр╕нр╣Ар╕Др╣Бр╕Хр╣Ир╕Ьр╣Йр╕▓р╣Бр╕нр╕Ър╕Ър╕▓р╕Зр╣Др╕Ыр╕Щр╕┤р╕Ф р╕Бр╕▓р╕гр╣Гр╕лр╣Йр╕Ър╕гр╕┤р╕Бр╕▓р╕гр╕Бр╕▓р╕гр╕лр╣Ир╕нр╕кр╕┤р╕Щр╕Др╣Йр╕▓р╣Бр╕ер╕░р╕Бр╕▓р╕гр╕Ир╕▒р╕Фр╕кр╣Ир╕Зр╕кр╕┤р╕Щр╕Др╣Йр╕▓р╕Фр╕╡ р╕кр╕┤р╕Щр╕Др╣Йр╕▓р╣Др╕бр╣Ир╣Ар╕кр╕╡р╕вр╕лр╕▓р╕в р╣Вр╕Фр╕вр╕гр╕зр╕бр╕Цр╕╖р╕нр╕зр╣Ир╕▓р╕Фр╕╡р╕Др╣Ир╕▓,0
р╣Др╕Фр╣Йр╕Вр╕нр╕Зр╣Др╕бр╣Ир╕Др╕гр╕Ъ р╕Вр╕▓р╕Фр╣Др╕Ы1р╕Др╕╣р╣И р╣Бр╕Ир╣Йр╕Зр╕Чр╕▓р╕Зр╕гр╣Йр╕▓р╕Щр╣Бр╕ер╣Йр╕з р╣Бр╕Хр╣Ир╕Чр╕▓р╕Зр╕гр╣Йр╕▓р╕Щр╣Др╕бр╣Ир╕кр╕Щр╣Гр╕И р╣Др╕бр╣Ир╣Др╕Фр╣Йр╣Бр╕Юр╕Зр╕бр╕▓р╕Бр╕бр╕▓р╕в р╣Бр╕Хр╣Ир╕Др╕╕р╕Ур╕кр╣Ир╕Зр╣Др╕бр╣Ир╕Др╕гр╕Ър╕Ир╕гр╕┤р╕Зр╣Ж,0
р╕кр╕┤р╕Щр╕Др╣Йр╕▓р╣Бр╕Юр╣Зр╕Др╕бр╕▓р╕Фр╕╡р╕бр╕▓р╕Б р╕Ыр╣Йр╕нр╕Зр╕Бр╕▒р╕Щр╣Ар╕Ыр╕╡р╕вр╕Бр╕Кр╕╖р╣Ир╕Щр╣Др╕Фр╣Йр╕Фр╕╡ р╕Юр╕Щр╕▒р╕Бр╕Зр╕▓р╕Щр╕Ър╕гр╕┤р╕Бр╕▓р╕гр╕Вр╕Щр╕кр╣Ир╕Зр╕Фр╕╡ р╣Вр╕Чр╕гр╣Бр╕Ир╣Йр╕Зр╕Бр╣Ир╕нр╕Щр╣Ар╕Вр╣Йр╕▓р╕бр╕▓р╕кр╣Ир╕Зр╕кр╕┤р╕Щр╕Др╣Йр╕▓ р╕кр╕┤р╕Щр╕Др╣Йр╕▓р╕Др╕╕р╕Ур╕ар╕▓р╕Юр╕Фр╕╡,0
р╕лр╕бр╕▒р╕Бр╕бр╕▓р╣Ар╕Ыр╣Зр╕Щр╕Ыр╕╡ р╣Гр╕Кр╣Йр╕Др╕гр╕▒р╣Йр╕Зр╣Ар╕Фр╕зр╕гр╕╣р╣Йр╣Ар╕гр╕╖р╣Ир╕нр╕Зр╣Ар╕ер╕в р╕кр╕┤р╕Щр╕Др╣Йр╕▓р╕Фр╕╡р╕Др╣Ир╕░р╣Гр╕Кр╣Йр╕Зр╕▓р╕Щр╕Зр╣Ир╕▓р╕вр╕Ър╕╡р╕Ър╕бр╕▓р╣Ар╕Ыр╣Зр╕Щр╣Ар╕Щр╕╖р╣Йр╕нр╣Вр╕Яр╕б р╣Ж р╕бр╕╡р╣Бр╕Ыр╕гр╕Зр╕Бр╕▒р╕Ър╕Ьр╣Йр╕▓р╣Бр╕Цр╕бр╕бр╕▓р╣Гр╕лр╣Йр╕Фр╣Йр╕зр╕вр╣Др╕бр╣Ир╕Хр╣Йр╕нр╕Зр╕лр╕▓р╕Лр╕╖р╣Йр╕нр╣Ар╕нр╕Зр╣Гр╕лр╣Йр╕зр╕╕р╣Ир╕Щр╕зр╕▓р╕в р╕лр╕бр╕▒р╕Бр╕бр╕▓р╣Ар╕Ыр╣Зр╕Щр╕Ыр╕╡ р╣Гр╕Кр╣Йр╕Др╕гр╕▒р╣Йр╕Зр╣Ар╕Фр╕зр╕гр╕╣р╣Йр╣Ар╕гр╕╖р╣Ир╕нр╕Зр╣Ар╕ер╕в р╕кр╕┤р╕Щр╕Др╣Йр╕▓р╕Фр╕╡р╕Др╣Ир╕░р╣Гр╕Кр╣Йр╕Зр╕▓р╕Щр╕Зр╣Ир╕▓р╕вр╕Ър╕╡р╕Ър╕бр╕▓р╣Ар╕Ыр╣Зр╕Щр╣Ар╕Щр╕╖р╣Йр╕нр╣Вр╕Яр╕б р╣Ж р╕бр╕╡р╣Бр╕Ыр╕гр╕Зр╕Бр╕▒р╕Ър╕Ьр╣Йр╕▓р╣Бр╕Цр╕бр╕бр╕▓р╣Гр╕лр╣Йр╕Фр╣Йр╕зр╕вр╣Др╕бр╣Ир╕Хр╣Йр╕нр╕Зр╕лр╕▓р╕Лр╕╖р╣Йр╕нр╣Ар╕нр╕Зр╣Гр╕лр╣Йр╕зр╕╕р╣Ир╕Щр╕зр╕▓р╕в,0
р╣Ар╕Юр╕нр╕гр╣Мр╕Юр╕╡р╕Кр╣Др╕Яр╣Ар╕Ър╕нр╕гр╣МЁЯНС р╕бр╕╡2р╣Бр╕Ър╕Ър╣Гр╕лр╣Йр╣Ар╕ер╕╖р╕нр╕Бр╕Др╣Ир╕░ -р╣Бр╕Ър╕Ър╕Кр╕З -р╣Бр╕Ър╕Ър╣Ар╕Ир╕ер╕ер╕╡р╣И . - р╕Фр╕╡р╕Чр╣Кр╕нр╕Бр╕Лр╣М р╕Ыр╕гр╕▒р╕Ър╕кр╕бр╕Фр╕╕р╕ер╕ер╕│р╣Гр╕кр╣Й р╕бр╕╡р╣Др╕Яр╣Ар╕Ър╕нр╕гр╣Мр╣Бр╕ер╕░р╕Юр╕гр╕╡р╣Др╕Ър╣Вр╕нр╕Хр╕┤р╕Б - р╕Ыр╕гр╕▒р╕Ър╕гр╕░р╕Ър╕Ър╕Вр╕▒р╕Ър╕Цр╣Ир╕▓р╕в р╣Др╕бр╣Ир╕Ыр╕зр╕Фр╕Ър╕┤р╕Ф - р╕бр╕╡р╣Др╕Др╣Вр╕Хр╕Лр╕▓р╕Щр╕Ър╕ер╣Кр╕нр╕Бр╣Ар╣Ар╕Ыр╣Йр╕З р╕Бр╕гр╕░р╕Хр╕╕р╣Йр╕Щр╕Бр╕▓р╕гр╣Ар╕Ьр╕▓р╕Ьр╕ер╕▓р╕Н - р╕бр╕╡р╕зр╕┤р╕Хр╕▓р╕бр╕┤р╕Щ C р╕Ър╕│р╕гр╕╕р╕Зр╕кр╕╕р╕Вр╕ар╕▓р╕Юр╣Бр╕ер╕░р╕Ьр╕┤р╕зр╣Гр╕лр╣Йр╣Ар╣Ар╕Вр╣Зр╕Зр╣Ар╣Ар╕гр╕З - р╕бр╕╡ SOD р╕Ир╕▓р╕Бр╣Ар╕бр╕ер╣Ир╕нр╕Щр╕Эр╕гр╕▒р╣Ир╕Зр╣Ар╕ир╕к р╕Хр╣Йр╕▓р╕Щр╕нр╕Щр╕╕р╕бр╕╣р╕ер╕нр╕┤р╕кр╕гр╕░ р╕Ыр╕Бр╕Ыр╣Йр╕нр╕Зр╕Ьр╕┤р╕зр╕Ир╕▓р╕Бр╣Ар╣Ар╕кр╕Зр╣Ар╣Ар╕Фр╕Ф р╕ер╕Фр╣Ар╕ер╕╖р╕нр╕Щр╕гр╕┤р╣Йр╕зр╕гр╕нр╕в - р╕к,1
р╣Бр╕Ыр╣Йр╕Щр╕Юр╕┤р╕бр╕Юр╣Мр╣Др╕бр╣Ир╕бр╕╡р╕ар╕▓р╕йр╕▓р╣Др╕Чр╕в р╕Хр╣Йр╕нр╕Зр╕Лр╕╖р╣Йр╕нр╕кр╕Хр╕┤р╕Бр╣Ар╕Бр╕нр╕гр╣Мр╕бр╕▓р╕Хр╕┤р╕Фр╣Ар╕нр╕З р╕Чр╕│р╣Гр╕лр╣Й р╣Др╕бр╣Ир╕кр╕зр╕вр╣Др╕Ыр╕нр╕╡р╕Б р╕лр╕ер╕▓р╕вр╕Ыр╕╕р╣Ир╕бр╣Др╕бр╣Ир╕бр╕╡р╣Гр╕Щ р╣Бр╕Ыр╣Йр╕Щ р╣Ар╕Кр╣Ир╕Щ р╕Ыр╕╕р╣Ир╕б start р╕Хр╣Йр╕нр╕Зр╕Бр╕Ф р╕Ыр╕╕р╣Ир╕б FN + Command р╕Ыр╕╕р╣Ир╕б р╣Ар╕Юр╕┤р╣Ир╕бр╣Ар╕кр╕╡р╕вр╕З р╕Хр╣Йр╕нр╕Зр╕Бр╕▒р╕Ф FN р╕Хр╕▓р╕бр╕Фр╣Йр╕зр╕в р╕Ыр╕╕р╣Ир╕бр╕Чр╕╡р╣Ир╕Хр╣Йр╕нр╕Зр╕Бр╕▓р╕г р╣Бр╕Хр╣Ир╕Фр╕╡р╕лр╕Щр╣Ир╕нр╕вр╕Чр╕╡р╣И р╣Бр╕нр╕Фр╕бр╕┤р╕Щр╕Хр╕нр╕Ъ р╕Цр╕╢р╕Зр╕Ир╕░р╕Др╕╕р╕вр╣Др╕бр╣Ир╕гр╕╣р╣Йр╣Ар╕гр╕╖р╣Ир╕нр╕Зр╕Бр╣Зр╣Ар╕Цр╕нр╕░ р╣Ар╕Юр╕гр╕▓р╕░ р╣Ар╕Ыр╣Зр╕Щр╕Др╕Щр╕Ир╕╡р╕Щ р╕Ыр╕е. р╣Бр╕ер╣Йр╕з р╕Бр╣З р╣Др╕бр╣Ир╕бр╕╡р╕Др╕╣р╣Ир╕бр╕╖р╕нр╕бр╕▓р╣Гр╕лр╣Й р╕Щр╕░,0
р╕Ир╕▒р╕Фр╕кр╣Ир╕Зр╣Ар╕гр╣Зр╕зр╕Др╕гр╕▒р╕Ъ р╣Гр╕Кр╣Йр╕Зр╕▓р╕Щр╕Бр╕▒р╕Ъ MacOS р╣Др╕Фр╣Йр╕Фр╕╡ р╣Ар╕кр╕бр╕нр╕Др╕╡р╕вр╣Мр╕Ър╕нр╕гр╣Мр╕Фр╕Вр╕нр╕З Apple р╣Ар╕ер╕в,0
р╕Др╕┤р╕Фр╕зр╣Ир╕▓р╕Ир╕░р╣Гр╕Кр╣Йр╕Зр╕▓р╕Щр╕Бр╕▒р╕Ър╕гр╕░р╕Ър╕Ъ ios р╣Др╕бр╣Ир╣Др╕Фр╣Йр╣Бр╕ер╣Йр╕зр╕Др╕┤р╕Фр╕зр╣Ир╕▓р╕Хр╣Йр╕нр╕Зр╕Лр╕╖р╣Йр╕нр╕бр╕▓р╣Гр╕Кр╣Йр╕Бр╕▒р╕Ъ windows р╣Бр╕Щр╣И р╣Бр╕Хр╣Ир╕Ьр╕┤р╕Фр╕Др╕▓р╕Фр╕кр╕▓р╕бр╕▓р╕гр╕Цр╣Гр╕Кр╣Йр╕Зр╕▓р╕Щр╣Др╕Фр╣Йр╕Чр╕╕р╕Бр╕гр╕░р╕Ър╕Ър╣Бр╕Цр╕бр╣Др╕бр╣Ир╕Фр╕╡р╣Ар╕ер╕вр╣Мр╕Вр╕нр╕Зр╕кр╕▒р╕Нр╕Нр╕▓р╕У,0
р╕кр╕┤р╕Щр╕Др╣Йр╕▓р╣Др╕Фр╣Йр╕гр╕▒р╕Ър╕нр╕вр╕╣р╣Ир╣Гр╕Щр╕кр╕ар╕▓р╕Юр╕Фр╕╡ р╕Ир╕▒р╕Фр╕Бр╕▓р╕гр╕нр╕вр╣Ир╕▓р╕Зр╕гр╕зр╕Фр╣Ар╕гр╣Зр╕зр╕Ир╕▓р╕Бр╕Ьр╕╣р╣Йр╕Вр╕▓р╕вр╣Бр╕Хр╣Ир╕Бр╕▓р╕гр╣Ар╕Хр╕гр╕╡р╕вр╕бр╕Бр╕▓р╕гр╕кр╣Ир╕Зр╣Гр╕лр╣Йр╕ер╕╣р╕Бр╕Др╣Йр╕▓р╕Ьр╣Ир╕▓р╕Щр╕Чр╕▓р╕З shopee express р╕бр╕▓р╣Ар╕ер╣Ар╕Лр╕╡р╕в,0
р╕Вр╕нр╕Ър╕Др╕╕р╕Ур╕кр╣Нр╕▓р╕лр╕гр╕▒р╕Ър╕Др╕зр╕▓р╕бр╕Ыр╕ер╕нр╕Фр╕ар╕▒р╕вр╕Чр╕╡р╣Ир╕Ыр╕ер╕нр╕Фр╕ар╕▒р╕вр╕Ър╕гр╕гр╕Ир╕╕р╕ар╕▒р╕Ур╕Ср╣Мр╕Чр╕╡р╣Ир╕Ыр╕ер╕нр╕Фр╕ар╕▒р╕вр╣Бр╕ер╕░р╕Бр╕▓р╕гр╕Ир╕▒р╕Фр╕кр╣Ир╕Зр╕Др╕зр╕▓р╕бр╣Ар╕гр╣Зр╕зр╕Вр╕нр╕Зр╕кр╕┤р╕Щр╕Др╣Йр╕▓р╕бр╕▓р╕Цр╕╢р╕Зр╕нр╕вр╣Ир╕▓р╕Зр╕Ыр╕ер╕нр╕Фр╕ар╕▒р╕вр╣Бр╕ер╕░р╕Зр╣Ир╕▓р╕вр╕Хр╣Ир╕нр╕Бр╕▓р╕гр╣Гр╕Кр╣Йр╣Бр╕Др╣Ир╣Ар╕кр╕╡р╕вр╕Ър╣Бр╕ер╕░р╣Ар╕ер╣Ир╕Щ,0
р╕Хр╕▒р╕зр╕зр╕▒р╕кр╕Фр╕╕р╣Вр╕ер╕лр╕░р╕бр╕╡р╕Бр╕╕р╕Нр╣Бр╕И,0
р╕кр╕┤р╕Щр╕Др╣Йр╕▓р╕Хр╕гр╕Зр╕Ыр╕Бр╕Юр╕Щр╕▒р╕Бр╕Зр╕▓р╕Щр╕кр╣Ир╕Зр╕кр╕┤р╕Щр╕Др╣Йр╕▓р╕Фр╕╡р╣Бр╕Ир╣Йр╕Зр╣Ар╕зр╕ер╕▓р╕Чр╕╡р╣Ир╕бр╕▓р╕кр╣Ир╕Зр╕Вр╕нр╕Зр╕Чр╕╡р╣Ир╕кр╕▒р╣Ир╕Зр╕гр╕▓р╕Др╕▓р╣Ар╕лр╕бр╕▓р╕░р╕кр╕бр╣Бр╕ер╕░р╕бр╕╡р╕Др╣Ир╕▓р╕кр╣Ир╕Зр╕Яр╕гр╕╡р╕Ър╕гр╕┤р╕йр╕▒р╕Чр╕кр╣Ир╕Зр╕Вр╕нр╕Зр╕Фр╕╡р╣Др╕бр╣Ир╣Ар╕кр╕╡р╕вр╕лр╕▓р╕вр╕гр╣Йр╕▓р╕Щр╕Др╣Йр╕▓р╕Др╕╕р╕Ур╕ар╕▓р╕Юр╕Вр╕нр╕Зр╕кр╕┤р╕Щр╕Др╣Йр╕▓р╕лр╕бр╕▓р╕кр╕бр╕Бр╕▒р╕Ър╕гр╕▓р╕Др╕▓р╕Др╕зр╕▓р╕бр╕Др╕╕р╣Йр╕бр╕Др╣Ир╕▓р╕Фр╕╡р╕Др╕зр╕▓р╕бр╕гр╕зр╕Фр╣Ар╕гр╣Зр╕зр╣Гр╕Щр╕Бр╕▓р╕гр╕кр╣Ир╕Зр╕Фр╕╡р╕Бр╕▓р╕гр╣Гр╕лр╣Йр╕Ър╕гр╕┤р╕Бр╕▓р╕гр╕Ир╕▓р╕Бр╕гр╣Йр╕▓р╕Щр╕Др╣Йр╕▓р╣Бр╕ер╕░р╕Ър╕гр╕┤р╕йр╕▒р╕Чр╕Чр╕╡р╣Ир╕Щр╕│р╕кр╣Ир╕Зр╕Фр╕╡,0
р╕вр╕нр╕Ф р╕Фр╕╡р╣Ар╕ер╕┤р╕и р╣Ар╕Фр╣Зр╕Фр╕Вр╕▓р╕Ф р╕нр╕▒р╕Щр╕Фр╕▒р╕Ър╕лр╕Щр╕╢р╣Ир╕З р╕ир╕▒р╕Бр╕Фр╕┤р╣Мр╕кр╕┤р╕Чр╕Шр╕┤р╣М р╕бр╕лр╕▒р╕ир╕Ир╕гр╕гр╕вр╣М р╕Чр╕╡р╣Ир╕кр╕╕р╕Ф р╕кр╕╕р╕Фр╕вр╕нр╕Ф р╣Ар╕вр╕╡р╣Ир╕вр╕б р╕вр╕нр╕Фр╣Ар╕вр╕╡р╣Ир╕вр╕б р╕вр╕нр╕Ф р╣Ар╕вр╕╡р╣Ир╕вр╕бр╕вр╕нр╕Ф р╕Фр╕╡р╕Чр╕╡р╣Ир╕кр╕╕р╕Ф р╣Ар╕ер╕┤р╕ир╕Чр╕╡р╣Ир╕кр╕╕р╕Ф р╕Кр╕Щр╕░р╣Ар╕ер╕┤р╕и р╣Ар╕ер╕┤р╕ир╣Ар╕ер╕н р╕Фр╕╡р╣Ар╕Фр╣Ир╕Щ р╕кр╕╕р╕Фр╣Ар╕лр╕зр╕╡р╣Ир╕вр╕З р╕зр╕┤р╣Ар╕ир╕й р╕ор╕╡р╣Вр╕гр╣И р╕Ър╕гр╕┤р╕кр╕╕р╕Чр╕Шр╕┤р╣М р╕ер╣Йр╕│р╣Ар╕ер╕┤р╕и р╕Кр╕▒р╣Йр╕Щр╣Ар╕ер╕┤р╕и р╣Ар╕ер╕┤р╕ир╕ер╣Йр╕│ р╣Ар╕Фр╣Зр╕Ф р╕лр╕Щр╕╢р╣Ир╕Зр╣Ар╕Фр╕╡р╕вр╕з р╕Юр╕┤р╣Ар╕ир╕й р╕вр╕нр╕Фр╣Др╕Ыр╣Ар╕ер╕в р╣Ар╕вр╕╡р╣Ир╕вр╕бр╣Др╕Ыр╣Ар╕ер╕в р╕Чр╕╡р╣Ир╕лр╕Щр╕╢р╣Ир╕Зр╣Ар╕ер╕в р╣Вр╕Фр╕Фр╣Ар╕Фр╣Ир╕Щ р╕Ыр╕▓р╕Пр╕┤р╕лр╕▓р╕гр╕┤р╕вр╣М,1
р╣Др╕Фр╣Йр╕гр╕▒р╕Ър╕кр╕┤р╕Щр╕Др╣Йр╕▓р╣Бр╕ер╣Йр╕з р╕Ир╕▒р╕Фр╕кр╣Ир╕Зр╕нр╕вр╣Ир╕▓р╕Зр╕гр╕зр╕Фр╣Ар╕гр╣Зр╕з р╕нр╕╕р╕Ыр╕Бр╕гр╕Ур╣Мр╕Др╕гр╕Ъ р╕бр╕╡р╣Ар╕бр╣Йр╕▓р╕кр╣М р╕Др╕╡р╕Ър╕нр╕гр╣Мр╕Фр╣Др╕гр╣Йр╕кр╕▓р╕в р╕кр╕┤р╕Щр╕Др╣Йр╕▓р╣Др╕бр╣Ир╕бр╕╡р╕Хр╕│р╕лр╕Щр╕┤ р╕Вр╕Щр╕кр╣Ир╕Зр╕Ър╕гр╕┤р╕Бр╕▓р╕гр╕Фр╕╡ р╕кр╕┤р╕Щр╕Др╣Йр╕▓р╣Гр╕Кр╣Йр╕Зр╕▓р╕Щр╣Др╕Фр╣Йр╕Ыр╕Бр╕Хр╕┤ р╕Кр╕нр╕Ър╕бр╕▓р╕Б р╣Гр╕Кр╣Йр╕Зр╕▓р╕Щр╣Др╕Фр╣Йр╕Фр╕╡р╕Бр╕гр╕░р╕Чр╕▒р╕Фр╕гр╕▒р╕Фр╣Ар╕лр╕бр╕▓р╕░р╕бр╕╖р╕н р╕Др╕╕р╣Йр╕бр╕Др╣Ир╕▓ р╕Др╕╕р╣Йр╕бр╕гр╕▓р╕Др╕▓р╕Бр╕▒р╕Ър╕гр╕▓р╕Др╕▓р╕Щр╕╡р╣Й,0
р╣Др╕Фр╣Йр╕гр╕▒р╕Ър╕кр╕┤р╕Щр╕Др╣Йр╕▓р╣Бр╕ер╣Йр╕зр╕Др╣Ир╕░р╕гр╣Йр╕▓р╕Щр╕кр╣Ир╕Зр╣Ар╕гр╣Зр╕зр╕Юр╕нр╣Гр╕Кр╣Й р╕Др╕╕р╕Ур╕ар╕▓р╕Юр╕кр╕┤р╕Щр╕Др╣Йр╕▓р╕Бр╣Зр╕Юр╕нр╣Гр╕Кр╣Ир╣Др╕гр╕╣р╕Ыр╕ер╕▒р╕Бр╕Нр╕Ур╕░р╕кр╕зр╕вр╕Цр╕╣р╕Бр╣Гр╕Ир╕бр╕▓р╕Бр╕Др╣Ир╕░р╕кр╕╡р╕нр╣Ир╕нр╕Щр╕Бр╕зр╣Ир╕▓р╕Чр╕╡р╣Ир╕Др╕┤р╕Фр╣Др╕Ыр╕Щр╕┤р╕Фр╕лр╕Щр╣Ир╕нр╕вр╕Юр╕Щр╕▒р╕Бр╕Зр╕▓р╕Щр╕кр╣Ир╕Зр╕Юр╕▒р╕кр╕Фр╕╕р╕Ър╕гр╕┤р╕Бр╕▓р╕гр╕Фр╕╡р╕гр╕зр╕Фр╣Ар╕гр╣Зр╕з,0
р╕Ьр╣Йр╕▓р╕ер╕╖р╣Ир╕Щ р╕нр╕нр╕Бр╕Ър╕▓р╕Зр╣Ж р╕кр╕зр╕вр╕Фр╕╡р╕Др╣Ир╕░ р╕Ир╕▒р╕Фр╕кр╣Ир╕Зр╣Ар╕гр╣Зр╕з р╕Ьр╣Йр╕▓р╕ер╕╖р╣Ир╕Щ р╕нр╕нр╕Бр╕Ър╕▓р╕Зр╣Ж р╕кр╕зр╕вр╕Фр╕╡р╕Др╣Ир╕░ р╕Ир╕▒р╕Фр╕кр╣Ир╕Зр╣Ар╕гр╣Зр╕зр╕Ьр╣Йр╕▓р╕ер╕╖р╣Ир╕Щ р╕нр╕нр╕Бр╕Ър╕▓р╕Зр╣Ж р╕кр╕зр╕вр╕Фр╕╡р╕Др╣Ир╕░ р╕Ир╕▒р╕Фр╕кр╣Ир╕Зр╣Ар╕гр╣Зр╕зр╕Ьр╣Йр╕▓р╕ер╕╖р╣Ир╕Щ р╕нр╕нр╕Бр╕Ър╕▓р╕Зр╣Ж р╕кр╕зр╕вр╕Фр╕╡р╕Др╣Ир╕░ р╕Ир╕▒р╕Фр╕кр╣Ир╕Зр╣Ар╕гр╣Зр╕зр╕Ьр╣Йр╕▓р╕ер╕╖р╣Ир╕Щ р╕нр╕нр╕Бр╕Ър╕▓р╕Зр╣Ж р╕кр╕зр╕вр╕Фр╕╡р╕Др╣Ир╕░ р╕Ир╕▒р╕Фр╕кр╣Ир╕Зр╣Ар╕гр╣Зр╕зр╕Ьр╣Йр╕▓р╕ер╕╖р╣Ир╕Щ р╕нр╕нр╕Бр╕Ър╕▓р╕Зр╣Ж р╕кр╕зр╕вр╕Фр╕╡р╕Др╣Ир╕░ р╕Ир╕▒р╕Фр╕кр╣Ир╕Зр╣Ар╕гр╣Зр╕зр╕Ьр╣Йр╕▓р╕ер╕╖р╣Ир╕Щ р╕нр╕нр╕Бр╕Ър╕▓р╕Зр╣Ж р╕кр╕зр╕вр╕Фр╕╡р╕Др╣Ир╕░ р╕Ир╕▒р╕Фр╕кр╣Ир╕Зр╣Ар╕гр╣Зр╕зр╕Ьр╣Йр╕▓р╕ер╕╖р╣Ир╕Щ р╕нр╕нр╕Бр╕Ър╕▓р╕Зр╣Ж р╕кр╕зр╕вр╕Фр╕╡р╕Др╣Ир╕░ р╕Ир╕▒р╕Фр╕кр╣Ир╕Зр╣Ар╕гр╣Зр╕зр╕Ьр╣Йр╕▓р╕ер╕╖р╣Ир╕Щ р╕нр╕нр╕Бр╕Ър╕▓р╕Зр╣Ж р╕кр╕зр╕в,1
р╕кр╣Ир╕Зр╣Др╕з р╕гр╕▓р╕Др╕▓р╕Цр╕╣р╕Б р╕Др╕╕р╕Ур╕ар╕▓р╕Юр╕Фр╕╡ р╣Жр╣Жр╣Жр╣Жр╣Жр╣Жр╣Жр╣Жр╣Жр╣Жр╣Жр╣Жр╣Жр╣Жр╣Жр╣Жр╣Жр╣Жр╣Жр╣Жр╣Жр╣Жр╣Ж,1
р╕Др╕╕р╕Ур╕ар╕▓р╕Юр╕кр╕┤р╕Щр╕Др╣Йр╕▓р╕Фр╕╡р╕бр╕▓р╕Бр╕Бр╕Бр╕Бр╕Бр╕Бр╕Бр╕Бр╕Бр╕Бр╕Бр╕Бр╕Бр╕Бр╕Бр╕Бр╕Бр╕Бр╕Бр╕Бр╕Бр╕Бр╕Бр╕Бр╕Б р╕Ър╕гр╕┤р╕Бр╕▓р╕гр╕Вр╕Щр╕кр╣Ир╕Зр╕Фр╕╡ р╣Ар╕Щр╕╖р╣Йр╕нр╕Ьр╣Йр╕▓р╣Вр╕нр╣Ар╕Др╕Др╕Др╕Др╕Др╕Др╕Др╕Др╕Др╕Др╕Др╕Др╕Др╕Др╕Др╕Др╕Др╕Др╕Др╕Др╕Др╕Др╕Др╕Др╕Др╕Др╕Др╕Др╕Др╕Хр╕Хр╕Др╕Др╕Др╕Др╕Др╕Хр╕Хр╕Др╕Др╕Др╕Др╕Хр╕гр╕Зр╕Ыр╕Бр╕Бр╕Бр╕Бр╕Бр╕Бр╕Бр╕Бр╕Бр╕Бр╕Бр╕Бр╕Бр╕Бр╕Бр╕Бр╕Бр╕Бр╕Бр╕Бр╕Бр╕Бр╕Бр╕Бр╕Бр╕Бр╕Бр╕Бр╕Бр╕Бр╕Бр╕Бр╕Бр╕Бр╕Бр╕Бр╕Бр╕Бр╕Бр╕Бр╕Бр╕Бр╕Бр╕Бр╣Бр╕Хр╣Ир╕Ър╕▓р╕Зр╣Др╕Ыр╕лр╕Щр╣Ир╕нр╕вр╕вр╕вр╕вр╕вр╕вр╕вр╕вр╕вр╕вр╕зр╕зр╕зр╕зр╕зр╕зр╕кр╕кр╕кр╕кр╕кр╕кр╕зр╕зр╕вр╕вр╕вр╕вр╕вр╕вр╕вр╕вр╕вр╕вр╕вр╕вр╕вр╕вр╕вр╕вр╕вр╕вр╕вр╕вр╕вр╕вр╕вр╕вр╕вр╕вр╕в р╣Гр╕кр╣Ир╣Др╕Фр╣Йр╕Юр╕нр╕Фр╕╡ р╕кр╕┤р╕Щр╕Др╣Йр╕▓р╕Щр╣Ир╕▓р╕гр╕▒р╕Бр╕бр╕▓р╕Бр╣Жр╣Жр╣Жр╣Жр╣Жр╣Жр╣Жр╣Жр╣Жр╣Жр╣Жр╣Жр╣Жр╣Жр╣Жр╣Жр╣Жр╣Жр╣Жр╣Жр╣Жр╣Жр╣Жр╣Жр╣Жр╣Жр╣Ж,1
"Put it on speaker I said I canтАЩt hear you So you need to speak up Put that shiz on stereo Everyone else on very low Protect it like a barrier Promise thereтАЩs nothing scarier Than me if anybody coming gunninтАЩ for my man Gonna catch a case Gun up in my hand Bam, bam, bam Hit after hit though Rocks in",1
р╕кр╕зр╕вр╕Др╕гр╕▒р╕Ъ р╕кр╣Ир╕Зр╣Др╕з р╣Др╕бр╣Ир╕Ьр╕┤р╕Фр╕лр╕зр╕▒р╕З р╣Ар╕вр╕╡р╣Ир╕вр╕бр╕Др╕гр╕▒р╕Ъ р╕кр╕зр╕вр╕Др╕гр╕▒р╕Ъ р╕кр╣Ир╕Зр╣Др╕з р╣Др╕бр╣Ир╕Ьр╕┤р╕Фр╕лр╕зр╕▒р╕З р╣Ар╕вр╕╡р╣Ир╕вр╕бр╕Др╕гр╕▒р╕Ъ р╕кр╕зр╕вр╕Др╕гр╕▒р╕Ъ р╕кр╣Ир╕Зр╣Др╕з р╣Др╕бр╣Ир╕Ьр╕┤р╕Фр╕лр╕зр╕▒р╕З р╣Ар╕вр╕╡р╣Ир╕вр╕бр╕Др╕гр╕▒р╕Ъ р╕кр╕зр╕вр╕Др╕гр╕▒р╕Ъ р╕кр╣Ир╕Зр╣Др╕з р╣Др╕бр╣Ир╕Ьр╕┤р╕Фр╕лр╕зр╕▒р╕З р╣Ар╕вр╕╡р╣Ир╕вр╕бр╕Др╕гр╕▒р╕Ъ р╕кр╕зр╕вр╕Др╕гр╕▒р╕Ъ р╕кр╣Ир╕Зр╣Др╕з р╣Др╕бр╣Ир╕Ьр╕┤р╕Фр╕лр╕зр╕▒р╕З р╣Ар╕вр╕╡р╣Ир╕вр╕бр╕Др╕гр╕▒р╕Ъ р╕кр╕зр╕вр╕Др╕гр╕▒р╕Ъ р╕кр╣Ир╕Зр╣Др╕з р╣Др╕бр╣Ир╕Ьр╕┤р╕Фр╕лр╕зр╕▒р╕З р╣Ар╕вр╕╡р╣Ир╕вр╕бр╕Др╕гр╕▒р╕Ъ,1
DDDDDDDDDDDDDDDDDDDDDDDDDDDDDDDD р╕Ир╕▒р╕Фр╕кр╣Ир╕Зр╕Цр╕╖р╕нр╕зр╣Ир╕▓р╣Ар╕гр╣Зр╕зр╕Фр╕╡р╕Др╣Ир╕░ р╕Др╕╕р╕Ур╕ар╕▓р╕Юр╣Гр╕Кр╣Йр╣Др╕Фр╣Йр╣Ар╕ер╕в,1
р╕кр╕┤р╕Щр╕Др╣Йр╕▓р╕Хр╕гр╕Зр╕Ыр╕Б р╕Ир╕▒р╕Фр╕кр╣Ир╕Зр╣Др╕з р╕Др╕╕р╕Ур╕ар╕▓р╕Юр╕Фр╕╡ р╕Др╕╕р╣Йр╕бр╕Др╣Ир╕▓ р╕Др╕╕р╕Ур╕ар╕▓р╕Юр╕Фр╕╡ р╕Др╕╕р╕Ур╕ар╕▓р╕Юр╕Фр╕╡ р╕Др╕╕р╕Ур╕ар╕▓р╕Юр╕Фр╕╡ р╕Др╕╕р╣Йр╕бр╕Др╣Ир╕▓ р╕Др╕╕р╣Йр╕бр╕Др╣Ир╕▓ р╕Др╕╕р╣Йр╕бр╕Др╣Ир╕▓ р╕Др╕╕р╣Йр╕бр╕Др╣Ир╕▓ р╕Др╕╕р╣Йр╕бр╕Др╣Ир╕▓ р╕Ир╕▒р╕Фр╕кр╣Ир╕Зр╣Др╕з р╕Ир╕▒р╕Фр╕кр╣Ир╕Зр╣Др╕з р╕Ир╕▒р╕Фр╕кр╣Ир╕Зр╕гр╕зр╕Фр╣Ар╕гр╣Зр╕з р╕Ир╕▒р╕Фр╕кр╣Ир╕Зр╕гр╕зр╕Фр╣Ар╕гр╣Зр╕з р╕Ир╕▒р╕Фр╕кр╣Ир╕Зр╕гр╕зр╕Фр╣Ар╕гр╣Зр╕з р╕кр╕┤р╕Щр╕Др╣Йр╕▓р╕Хр╕гр╕Зр╕Ыр╕Б р╕Ир╕▒р╕Фр╕кр╣Ир╕Зр╣Др╕з р╕Др╕╕р╕Ур╕ар╕▓р╕Юр╕Фр╕╡ р╕Др╕╕р╣Йр╕бр╕Др╣Ир╕▓ р╕Др╕╕р╕Ур╕ар╕▓р╕Юр╕Фр╕╡ р╕Др╕╕р╕Ур╕ар╕▓р╕Юр╕Фр╕╡ р╕Др╕╕р╕Ур╕ар╕▓р╕Юр╕Фр╕╡ р╕Др╕╕р╣Йр╕бр╕Др╣Ир╕▓ р╕Др╕╕р╣Йр╕бр╕Др╣Ир╕▓ р╕Др╕╕р╣Йр╕бр╕Др╣Ир╕▓ р╕Др╕╕р╣Йр╕бр╕Др╣Ир╕▓ р╕Др╕╕р╣Йр╕бр╕Др╣Ир╕▓ р╕Ир╕▒р╕Фр╕кр╣Ир╕Зр╣Др╕з р╕Ир╕▒р╕Фр╕кр╣Ир╕Зр╣Др╕з р╕Ир╕▒р╕Фр╕кр╣Ир╕Зр╕гр╕зр╕Фр╣Ар╕г,1
р╣Ар╕гр╕▓р╕Ир╕░р╕гр╕▒р╕Бр╕Др╕Щр╣Жр╕Щр╕╢р╕Зр╣Др╕Фр╣Йр╕Щр╕▓р╕Щр╣Бр╕Др╣Ир╣Др╕лр╕Щр╕зр╕░р╕Цр╣Йр╕▓р╣Ар╕Бр╕┤р╕Щр╕зр╣Ир╕▓р╣Ар╕гр╕▓р╣Др╕бр╣Ир╣Др╕Фр╣Йр╕Юр╕╕р╕Фр╕Др╕╕р╕вр╕Бр╕▒р╕Щ р╣Др╕бр╣Ир╕бр╕╡р╕Ър╕Чр╕кр╕Щр╕Чр╕Щр╕▓ р╣Др╕бр╣Ир╕гр╕▒р╕Ър╕гр╕╣р╣Йр╣Ар╕гр╕╖р╣Ир╕нр╕Зр╕гр╕▓р╕зр╕Кр╕╡р╕зр╕┤р╕Хр╕Ыр╕гр╕░р╕Ир╕│р╕Вр╕нр╕Зр╕Бр╕▒р╕Щр╣Бр╕ер╕░р╕Бр╕▒р╕Щ р╣Бр╕ер╣Йр╕зр╕нр╕вр╣Ир╕▓р╕Зр╕Зр╕╡р╣Йр╕Чр╕╡р╣Ир╣Ар╕гр╕▓р╣Ар╕Эр╣Йр╕▓р╕бр╕нр╕Зр╣Ар╕Вр╕▓р╕лр╣Ир╕▓р╕Зр╣Жр╕бр╕▒р╕Щр╕Хр╕░р╕вр╕▒р╕Зр╣Ар╕гр╕╡р╕вр╕Бр╕Др╕зр╕▓р╕бр╕гр╕▒р╕Бр╕нр╕вр╕╣р╣Ир╕бр╕▒р╣Йр╕в р╕лр╕гр╕╖р╕нр╣Ар╕Ыр╣Зр╕Щр╣Бр╕Др╣Ир╕Др╕зр╕▓р╕бр╕Др╕┤р╕Фр╕Цр╕╢р╕З,1
ek-A-Boo (эФ╝ь╣┤ы╢А) тАУ Red Velvet Hmm yeah (Yeah) Oh gosh ыВЬыжмьХ╝ (Oh gosh) Oh gosh р╕Щр╕▒р╕Щр╕гр╕╡р╕вр╕▓ (Oh gosh) р╕нр╕╕р╣Йр╕вр╕Хр╕▓р╕в р╕Ър╣Йр╕▓р╕Ир╕гр╕┤р╕Зр╣Ар╕ер╕в ызЮьХД ыВЬ ьвА ъ╕░ы╢ДэММ р╕бр╕▓р╕Ир╕▓ р╕Щр╕▒р╕Щ р╕Кр╕б р╕Др╕╡р╕Ър╕╕р╕Щр╕Юр╕▓ р╣Гр╕Кр╣Ир╣Бр╕ер╣Йр╕з р╕Йр╕▒р╕Щр╣Ар╕Ыр╣Зр╕Щр╕Др╕Щр╕нр╣Ир╕нр╕Щр╣Др╕лр╕з Hey ъ╕Иы░й ыШР ьВмыЮСьЧР ы╣аьа╕ Hey р╕Др╕╢р╕бр╕Ър╕▒р╕З р╣Вр╕Ф р╕Лр╕▓р╕гр╕▓р╣Ар╕З р╕Юр╕▓р╕Ир╕вр╕н р╕Йр╕▒р╕Щр╕Хр╕Бр╕лр╕ер╕╕р╕бр╕гр╕▒р╕Бр╣Др╕Фр╣Йр╕нр╕вр╣Ир╕▓р╕Зр╕Зр╣Ир╕▓р╕вр╕Фр╕▓р╕в (Yeah yeah yeah yeah) ьГИъ▓ГызМ ьвЛьХДэХ┤ьЪФ ы░ШьзЭъ▒░ыжмьга р╣Бр╕Лр╕Бр╕нр╕Фр╕бр╕▒р╕Щ р╣Вр╕Кр╕ор╕▓р╣Бр╕ор╣Вр╕в р╕Юр╕▒р╕Щр╕Ир╕▒,1
р╕кр╕зр╕вр╕Др╕░р╕Щр╣Ир╕▓р╕гр╕▒р╕Бр╕кр╣Ир╕Зр╣Др╕зр╕бр╕▓р╕Бр╣Жр╕гр╕▓р╕Др╕▓р╕Цр╕╣р╕Бр╕Фр╣Йр╕зр╕в р╕кр╕зр╕вр╕Др╕░р╕Щр╣Ир╕▓р╕гр╕▒р╕Бр╕кр╣Ир╕Зр╣Др╕зр╕бр╕▓р╕Бр╣Жр╕гр╕▓р╕Др╕▓р╕Цр╕╣р╕Бр╕Фр╣Йр╕зр╕в р╕кр╕зр╕вр╕Др╕░р╕Щр╣Ир╕▓р╕гр╕▒р╕Бр╕кр╣Ир╕Зр╣Др╕зр╕бр╕▓р╕Бр╣Жр╕гр╕▓р╕Др╕▓р╕Цр╕╣р╕Бр╕Фр╣Йр╕зр╕в р╕кр╕зр╕вр╕Др╕░р╕Щр╣Ир╕▓р╕гр╕▒р╕Бр╕кр╣Ир╕Зр╣Др╕зр╕бр╕▓р╕Бр╣Жр╕гр╕▓р╕Др╕▓р╕Цр╕╣р╕Бр╕Фр╣Йр╕зр╕в р╕кр╕зр╕вр╕Др╕░р╕Щр╣Ир╕▓р╕гр╕▒р╕Бр╕кр╣Ир╕Зр╣Др╕зр╕бр╕▓р╕Бр╣Жр╕гр╕▓р╕Др╕▓р╕Цр╕╣р╕Бр╕Фр╣Йр╕зр╕в,1
р╕нр╕вр╕╣р╣Ир╣Гр╕Щр╕Чр╕╕р╕Бр╕Кр╣Ир╕зр╕Зр╣Ар╕зр╕ер╕▓ р╕нр╕вр╕╣р╣Ир╣Гр╕Щр╕Чр╕╕р╕Бр╕Др╕гр╕▓р╕Чр╕╡р╣Ир╣Ар╕Шр╕нр╣Ар╕лр╕Зр╕▓р╣Гр╕И р╣Др╕Фр╣Йр╕нр╕вр╕╣р╣Ир╣Ар╕Ыр╣Зр╕Щр╣Ар╕Юр╕╖р╣Ир╕нр╕Щр╕Др╕нр╕вр╕Ыр╕ер╕нр╕Ъ р╕Чр╕╕р╕Бр╕вр╕▓р╕бр╣Ар╕бр╕╖р╣Ир╕нр╣Ар╕Шр╕нр╕лр╕зр╕▒р╣Ир╕Щр╣Др╕лр╕з р╣Др╕бр╣Ир╣Ар╕Др╕вр╕Ир╕░р╣Др╕Ыр╣Др╕лр╕Щр╣Др╕Бр╕ер╣Ар╕Бр╕┤р╕Щр╣Ар╕нр╕╖р╣Йр╕нр╕бр╕бр╕╖р╕нр╕нр╕вр╕╣р╣Ир╣Гр╕Щр╕Чр╕╕р╕Бр╕Кр╣Ир╕зр╕Зр╣Ар╕зр╕ер╕▓ р╕нр╕вр╕╣р╣Ир╣Гр╕Щр╕Чр╕╕р╕Бр╕Др╕гр╕▓р╕Чр╕╡р╣Ир╣Ар╕Шр╕нр╣Ар╕лр╕Зр╕▓р╣Гр╕И р╣Др╕Фр╣Йр╕нр╕вр╕╣р╣Ир╣Ар╕Ыр╣Зр╕Щр╣Ар╕Юр╕╖р╣Ир╕нр╕Щр╕Др╕нр╕вр╕Ыр╕ер╕нр╕Ъ р╕Чр╕╕р╕Бр╕вр╕▓р╕бр╣Ар╕бр╕╖р╣Ир╕нр╣Ар╕Шр╕нр╕лр╕зр╕▒р╣Ир╕Щр╣Др╕лр╕з р╣Др╕бр╣Ир╣Ар╕Др╕вр╕Ир╕░р╣Др╕Ыр╣Др╕лр╕Щр╣Др╕Бр╕ер╣Ар╕Бр╕┤р╕Щр╣Ар╕нр╕╖р╣Йр╕нр╕бр╕бр╕╖р╕н р╕нр╕вр╕╣р╣Ир╣Гр╕Щр╕Чр╕╕р╕Бр╕зр╕▒р╕Щр╣Ар╕Фр╕┤р╕б р╣Ж,1
р╕Чр╕гр╕Зр╕кр╕зр╕в р╣Гр╕кр╣Ир╕кр╕Ър╕▓р╕вр╕бр╕▓р╕Б р╕Чр╕гр╕Зр╕кр╕зр╕в р╣Гр╕кр╣Ир╕кр╕Ър╕▓р╕вр╕бр╕▓р╕Б р╕Чр╕гр╕Зр╕кр╕зр╕в р╣Гр╕кр╣Ир╕кр╕Ър╕▓р╕вр╕бр╕▓р╕Бр╕Чр╕гр╕Зр╕кр╕зр╕в р╣Гр╕кр╣Ир╕кр╕Ър╕▓р╕вр╕бр╕▓р╕Бр╕Чр╕гр╕Зр╕кр╕зр╕в р╣Гр╕кр╣Ир╕кр╕Ър╕▓р╕вр╕бр╕▓р╕Бр╕Чр╕гр╕Зр╕кр╕зр╕в р╣Гр╕кр╣Ир╕кр╕Ър╕▓р╕вр╕бр╕▓р╕Бр╕Чр╕гр╕Зр╕кр╕зр╕в р╣Гр╕кр╣Ир╕кр╕Ър╕▓р╕вр╕бр╕▓р╕Бр╕Чр╕гр╕Зр╕кр╕зр╕в р╣Гр╕кр╣Ир╕кр╕Ър╕▓р╕вр╕бр╕▓р╕Бр╕Чр╕гр╕Зр╕кр╕зр╕в р╣Гр╕кр╣Ир╕кр╕Ър╕▓р╕вр╕бр╕▓р╕Бр╕Чр╕гр╕Зр╕кр╕зр╕в р╣Гр╕кр╣Ир╕кр╕Ър╕▓р╕вр╕бр╕▓р╕Бр╕Чр╕гр╕Зр╕кр╕зр╕в р╣Гр╕кр╣Ир╕кр╕Ър╕▓р╕вр╕бр╕▓р╕Бр╕Чр╕гр╕Зр╕кр╕зр╕в р╣Гр╕кр╣Ир╕кр╕Ър╕▓р╕вр╕бр╕▓р╕Бр╕Чр╕гр╕Зр╕кр╕зр╕в р╣Гр╕кр╣Ир╕кр╕Ър╕▓р╕вр╕бр╕▓р╕Бр╕Чр╕гр╕Зр╕кр╕зр╕в р╣Гр╕кр╣Ир╕кр╕Ър╕▓р╕вр╕бр╕▓р╕Бр╕Чр╕гр╕Зр╕кр╕зр╕в р╣Гр╕кр╣Ир╕кр╕Ър╕▓р╕вр╕бр╕▓р╕Бр╕Чр╕гр╕Зр╕кр╕зр╕в р╣Гр╕кр╣Ир╕кр╕Ър╕▓р╕вр╕бр╕▓р╕Бр╕Чр╕гр╕Зр╕кр╕зр╕в р╣Гр╕кр╣Ир╕кр╕Ър╕▓р╕вр╕бр╕▓р╕Бр╕Чр╕гр╕Зр╕кр╕зр╕в р╣Гр╕к,1
/р╣Ир╕▓р╕Юр╕░р╕зр╕│р╕кр╕Фр╕кр╕▓р╕Юр╕░р╣Ир╕Др╕ар╕Фр╕▓р╕▒р╕Юр╕▓р╕гр╕Юр╣Йр╕▓р╕░р╣Ар╕▓р╕Цр╕Фр╕кр╕╡_р╣Ир╕Щр╕Цр╣Йр╕зр╕гр╕▒р╕Щр╕Юр╕Щр╕Фр╕Щр╕┤р╣Ар╕Щр╕гр╕Юр╣Ар╕кр╕Щр╕░р╕▒р╕кр╕░р╣Др╕Щр╕Щр╕нр╕Щр╣Бр╕кр╕Фр╣Ир╕кр╕│р╕Щр╣Ар╕Щр╕Чр╕▒р╕Ир╕░р╕Хр╕Щр╕Цр╕Щр╕кр╕Юр╕▒р╕зр╕бр╕│р╕▓р╕бр╕Бр╕зр╕▓р╕Фр╕Щр╣Ар╕Щр╣Ар╕гр╕Щ_р╕кр╕│р╕Чр╕Фр╕Чр╕░р╕Чр╕ар╕г_р╕Щр╕▓р╕▓р╕░р╣А,1
р╕Ир╕▒р╕Фр╕кр╣Ир╕Зр╕гр╕зр╕Фр╣Ар╕гр╣Зр╕зр╕бр╕▓р╕Бр╕Бр╕Бр╕Бр╕Бр╕Бр╕Бр╕Б р╕кр╕▒р╣Ир╕Зр╕зр╕▒р╕Щр╕Щр╕╡р╣Йр╕нр╕╡р╕Бр╕зр╕▒р╕Щр╣Др╕Фр╣Йр╕Вр╕нр╕Зр╣Ар╕ер╕в р╕Ыр╕гр╕░р╕Чр╕▒р╕Ър╣Гр╕Ир╕бр╕▓р╕Б р╕лр╕бр╕зр╕Бр╕Хр╕гр╕Зр╕Ыр╕Бр╕Др╣Ир╕▓ р╕кр╕┤р╕Щр╕Др╣Йр╕▓р╕Др╕гр╕Ър╕Цр╣Йр╕зр╕Щ р╕кр╕┤р╕Щр╕Др╣Йр╕▓р╣Др╕бр╣Ир╣Ар╕кр╕╡р╕вр╕лр╕▓р╕в р╕гр╕▓р╕Др╕▓р╣Бр╕ер╕░р╕кр╕┤р╕Щр╕Др╣Йр╕▓р╕Цр╕╖р╕нр╕зр╣Ир╕▓р╕Др╕╕р╣Йр╕бр╕Др╣Ир╕▓р╣Ар╕ер╕вр╕Др╣Ир╕▓,0
р╕Вр╕нр╕Зр╕Цр╕╢р╕Зр╕Кр╣Йр╕▓р╕лр╕Щр╣Ир╕нр╕в р╣Бр╕Хр╣Ир╣Др╕бр╣Ир╣Ар╕Ыр╣Зр╕Щр╣Др╕г р╕Вр╕нр╕Зр╕Цр╕╢р╕Зр╕Др╕╕р╣Йр╕бр╣Ар╕зр╕нр╕гр╣Мр╕зр╕▒р╕Зр╕бр╕▓р╕Бр╣Бр╕бр╣И р╕Ир╕▒р╕Фр╕Кр╕╕р╕Фр╣Бр╕гр╕Б4р╣Гр╕Ър╕Ир╕╕р╕Бр╣Ж р╣Бр╕ер╕░р╕Хр╣Йр╕нр╕Зр╕кр╕▒р╣Ир╕Зр╕гр╣Йр╕▓р╕Щр╣Др╕Ыр╕Хр╕ер╕нр╕Фр╣Жр╣Бр╕Щр╣И р╕Др╕╕р╣Йр╕бр╕Др╣Ир╕▓р╕нр╕вр╕╣р╣Ир╕Щр╕░р╕Др╣Кр╕▓р╕▓р╕▓р╕▓ р╕кр╕│р╕лр╕гр╕▒р╕Ър╣Гр╕Др╕гр╕Чр╕╡р╣Ир╕Бр╕│р╕ер╕▒р╕Зр╕ер╕▒р╕Зр╣Ар╕е р╕бр╕▓р╕Фр╕╣р╕бр╕▓р╕нр╣Ир╕▓р╕Щр╕гр╕╡р╕зр╕┤р╕зр╕нр╕▒р╕Щр╕Щр╕╡р╣Йр╕Бр╣Ир╕нр╕Щр╕Щр╕░ р╣Ар╕Юр╕┤р╣Ир╕бр╕Др╕зр╕▓р╕бр╕бр╕▒р╣Ир╕Щр╣Гр╕Ир╣Гр╕лр╣Йр╣Ар╕Юр╕╖р╣Ир╕нр╕Щр╣Жр╕Чр╕╡р╣Ир╕Бр╕│р╕ер╕▒р╕Зр╕бр╕нр╕Зр╕лр╕▓р╕лр╕бр╕зр╕Бр╣Бр╕Бр╣Кр╕Ыр╣Ар╕Чр╣Ир╕лр╣Мр╣Жр╣Бр╕Ър╕Ър╕Чр╕╡р╣Ир╣Ар╕Др╣Йр╕▓р╕Хр╕▓р╕бр╕лр╕▓,0
р╕Хр╕гр╕Зр╕Ыр╕Бр╕кр╕зр╕вр╕Фр╕╡ р╕кр╕╡р╕кр╕зр╕в р╣Ар╕лр╕бр╕▓р╕░р╕бр╕▓р╕Бр╕Бр╕Бр╕Бр╕Бр╕Бр╕Бр╕Бр╕Бр╕Бр╕Бр╕Бр╕Бр╕Бр╕Бр╕Бр╕Бр╕Б р╕Цр╕╣р╕Бр╣Гр╕Ир╕бр╕▓р╕Бр╕Бр╕Бр╕Бр╕Бр╕Бр╕Бр╕Бр╕Бр╕Бр╕Бр╕Бр╕Бр╕Бр╕Бр╕Бр╕Бр╕Бр╕Бр╕Бр╕Бр╕Бр╕Бр╕Бр╕Бр╕Бр╕Бр╕Бр╕Бр╕Бр╕Бр╕Бр╕Бр╕Бр╕Бр╕Бр╕Бр╕Бр╕Бр╕Бр╕Бр╕Бр╕Бр╕Бр╕Бр╕Бр╕Бр╕Бр╕Бр╕Бр╕Бр╕Бр╕Бр╕Бр╕Бр╕Б р╣Ар╣Ар╕Щр╕░р╕Щр╕│р╕Др╕гр╕▒р╕Ър╕Ър╕гр╕▓р╕Др╕▓р╕Фр╕╡р╕бр╕▓р╕Бр╕Бр╕Бр╕Бр╕Бр╕Бр╕Бр╕Бр╕Бр╕Бр╕Бр╕Бр╕Бр╕Бр╕Бр╕Бр╕Бр╕Бр╕Бр╕Бр╕Бр╕Бр╕Бр╕Бр╕Бр╕Бр╕Бр╕Бр╕Бр╕Бр╕Бр╕Бр╕Бр╕Бр╕Бр╕Бр╕Бр╕Бр╕Бр╕Бр╕Бр╕Бр╕Б,1
р╕кр╣Ир╕Зр╣Ар╕гр╣Зр╕зр╕бр╕▓р╕Бр╕кр╕▒р╣Ир╕Зр╕зр╕▒р╕Щр╕нр╕▒р╕Зр╕Др╕▓р╕гр╕зр╕▒р╕Щр╕Юр╕др╕лр╕▒р╕кр╣Др╕Фр╣Йр╕Вр╕нр╕З р╕лр╣Ир╕нр╕Фр╕╡ р╣Ар╕Щр╕╖р╣Йр╕нр╕Ьр╣Йр╕▓р╕Др╕╖р╕нр╣Др╕бр╣Ир╕Бр╣Кр╕нр╕Зр╣Бр╕Бр╣Кр╕Зр╣Ар╕ер╕в р╕Ьр╣Йр╕▓р╕Фр╕╡р╕бр╕▓р╕Б р╕Ьр╣Йр╕▓р╕лр╕Щр╕▓ р╕Хр╕гр╕Зр╕кр╕╡р╕Чр╕╡р╣Ир╕кр╕▒р╣Ир╕Зр╕Фр╣Йр╕зр╕в р╕кр╕бр╕Бр╕▒р╕Ър╕гр╕▓р╕Др╕▓р╕бр╕▓р╕Бр╣Ж,0
р╕лр╕бр╕зр╕Бр╣Бр╕Бр╣Кр╕Ы р╣Ар╕Ър╕кр╕Ър╕нр╕е р╕кр╕╡р╕Др╕гр╕╡р╕б р╣Бр╕ер╕░ р╕кр╕╡р╕Фр╕│ р╣Ар╕Щр╕╖р╣Йр╕нр╕Ьр╣Йр╕▓р╕Фр╕╡р╕бр╕▓р╕Б р╕лр╕бр╕зр╕Бр╕Щр╕╕р╣Ир╕бр╕бр╕▓р╕Б р╕Др╕╕р╣Йр╕бр╕Др╣Ир╕▓ р╕Др╕╕р╣Йр╕бр╕гр╕▓р╕Др╕▓р╕бр╕▓р╕Бр╕Др╣Ир╕░ р╣Др╕бр╣Ир╕Ьр╕┤р╕Фр╕лр╕зр╕▒р╕Зр╣Ар╕ер╕в р╕Цр╕╣р╕Бр╣Гр╕И,0
р╕кр╕┤р╕Щр╕Др╣Йр╕▓р╕Фр╕╡ р╕кр╕╡р╕Хр╕гр╕Зр╕Ыр╕Б р╕Др╕╕р╣Йр╕бр╕Др╣Ир╕▓р╕Бр╕▒р╕Ър╕гр╕▓р╕Др╕▓ р╣Бр╕Хр╣Ир╕зр╣Ир╕▓р╕бр╕╡р╣Ар╕ер╕нр╕░р╕Щр╕┤р╕Фр╕Щр╕╢р╕Зр╕Щр╣Ир╕▓р╕Ир╕░р╕Лр╕▒р╕Бр╕нр╕нр╕Б р╣Вр╕Фр╕вр╕гр╕зр╕бр╣Бр╕ер╣Йр╕зр╕Фр╕╡р╕Щр╕░ р╕гр╕▓р╕Др╕▓р╕Щр╣Ир╕▓р╕гр╕▒р╕Б р╕Др╕╕р╕Ур╕ар╕▓р╕Юр╕лр╕бр╕зр╕Бр╕Фр╕╡ р╣Др╕зр╣Йр╕Ир╕░р╕Бр╕ер╕▒р╕Ър╕бр╕▓р╕Лр╕╖р╣Йр╕нр╕нр╕╡р╕Б,0
р╕Фр╕╡р╕бр╕▓р╕Бр╕Бр╕Бр╕Бр╕Бр╕Бр╕Бр╕Бр╕Бр╕Бр╕Бр╕Бр╕Бр╕Бр╕Бр╕Б р╕гр╕▓р╕Др╕▓р╕Цр╕╣р╕Бр╕Бр╕Бр╕Бр╕Бр╕Бр╕Бр╕Бр╕Бр╕Бр╕Бр╕Бр╕Бр╕Бр╕Бр╕Бр╕Бр╕Бр╕Бр╕Бр╕Бр╕Б р╕кр╣Ир╕Зр╣Др╕зр╕бр╕▓р╕Бр╕Бр╕Бр╕Бр╕Бр╕Бр╕Бр╕Бр╕Бр╕Бр╕Бр╕Бр╕Бр╕Б р╕Др╕╕р╕Ур╕ар╕▓р╕Юр╕Фр╕╡р╣Жр╣Жр╣Жр╣Жр╣Жр╣Жр╣Жр╣Жр╣Жр╣Жр╣Жр╣Жр╣Жр╣Жр╣Жр╣Жр╣Жр╣Жр╣Жр╣Ж р╕Кр╕нр╕Ър╕бр╕▓р╕Бр╕Др╕гр╣Йр╕▓р╕▓р╕▓р╕▓р╕▓р╕▓р╣Ир╣Ир╕▓р╣Ир╕▓р╣Ир╣Ир╣И,1
р╕Ыр╕▒р╕Зр╕Щр╕░р╣Бр╕Хр╣Ир╕бр╕▒р╕Щр╣Др╕бр╣Ир╕Хр╣Йр╕нр╕Зр╕Чр╕│р╣Др╕гр╕Др╕░р╣Ар╕Щр╕╡р╣Ир╕вр╣Др╕Ыр╣Ар╕ер╕вр╕кр╕┤р╕Др╕░р╕Юр╕╡р╣Ир╕бр╕╡р╣Бр╕Хр╣Ир╣Др╕бр╣Ир╕Чр╕│р╣Бр╕ер╣Йр╕зр╕кр╣Ир╕Зр╣Гр╕лр╣Йр╕Фр╕╣р╕лр╕Щр╣Ир╕нр╕вр╕кр╕┤р╕Др╕░р╕Ир╕░р╣Др╕Ыр╣Бр╕ер╣Йр╕зр╕Др╣Ир╕░р╣Бр╕Хр╣Ир╕Цр╣Йр╕▓р╣Ар╕гр╕▓р╣Др╕бр╣Ир╕Хр╣Йр╕нр╕Зр╕Чр╕│р╣Др╕гр╕Др╕░р╣Ар╕Щр╕╡р╣Ир╕вр╣Др╕Ыр╣Ар╕ер╕вр╕кр╕┤р╕Щр╕░р╕Др╕гр╕▒р╕Ър╕Юр╕╡р╣Ир╕Бр╕▒р╕Щр╕бр╕▓р╕Бр╕Бр╣Бр╕Хр╣Ир╕Бр╣Зр╕вр╕▒р╕Зр╣Ар╕ер╕вр╕Др╣Ир╕░р╣Бр╕Хр╣Ир╕бр╕▒р╕Щр╣Др╕бр╣Ир╕Хр╣Йр╕нр╕Зр╕Чр╕│р╣Др╕гр╕Др╕░р╣Ар╕Щр╕╡р╣Ир╕вр╣Др╕Ыр╣Ар╕ер╕вр╕кр╕┤р╕Щр╕░р╕Др╕гр╕▒р╕Ър╕Юр╕╡р╣Ир╕Бр╕▒р╕Щр╕бр╕▓р╕Бр╕Бр╣Бр╕Хр╣Ир╕Бр╣Зр╕вр╕▒р╕Зр╣Ар╕ер╕вр╕Др╣Ир╕░р╣Бр╕Хр╣Ир╕бр╕▒р╕Щр╣Др╕бр╣Ир╕Хр╣Йр╕нр╕Зр╕Чр╕│р╣Др╕гр╕Др╕░р╣Ар╕Щр╕╡р╣Ир╕вр╣Др╕Ыр╣Ар╕ер╕вр╕кр╕┤р╕Щр╕░р╕Др╕гр╕▒р╕Ър╕Юр╕╡р╣Ир╕нр╕▒р╕Фр╕гр╕▓р╕вр╕Бр╕▓р╕гр╕нр╕░р╣Др╕гр╕нр╕░р╣Др╕бр╣Ир╣Др╕Ыр╕нр╕░р╣Бр╕ер╣Йр╕зр╕Ир╕░р╣Др╕Фр╣Йр╣Др╕Ыр╕бр╕▒р╣Йр╕вр╕Щр╕░р╣Бр╕Хр╣Ир╕Бр╣Зр╕Хр╣Йр╕нр╕Зр╕бр╕▓р╕Щр╕░,1
р╕кр╕зр╕вр╕бр╕▓р╕Бр╕Бр╕Бр╕Бр╕Бр╕Бр╕Др╣Ир╕░ 10/10 р╕Лр╕╖р╣Йр╕нр╕кр╕╡р╕Др╕гр╕╡р╕бр╣Др╕Ы....):&;&;&339:&:р╕┐:р╕┐.р╕┐:!3)3733283&3!;!:!:!3!3!;!;!4!3!3!3!3!3!;8;83)4!:8!3р╕┐3р╕┐:!:!:р╕┐:&3&р╕┐:!;р╕┐3&383&3р╕┐р╕┐р╕┐,1
р╕кр╕┤р╕Щр╕Др╣Йр╕▓р╕Др╕╕р╕Ур╕ар╕▓р╕Юр╕Др╕╕р╣Йр╕бр╕гр╕▓р╕Др╕▓р╕бр╕▓р╕Бр╕Др╣Ир╕░р╕Ир╕▒р╕Фр╕кр╣Ир╕Зр╕Др╕╕р╣Йр╕бр╕Др╣Ир╕▓р╕Ир╕░р╕кр╣Ир╕Зр╕Др╕╕р╣Йр╕бр╕Др╣Ир╕▓р╕▓р╕▓р╕▓р╕▓р╕▓р╕Др╕╕р╕Ур╕ар╕▓р╕Юр╕Фр╕╡р╕бр╕▓р╕Бр╕Др╣Ир╕░р╕Др╕╕р╕Ур╕ар╕▓р╕Юр╕Фр╕╡р╕бр╕▓р╕Бр╕Др╕╕р╕Ур╕ар╕▓р╕Юр╕Фр╕╡р╕бр╕▓р╕Бр╕Др╕╕р╣Йр╕бр╕Др╣Ир╕▓р╕Др╕╕р╣Йр╕бр╕Др╣Ир╕▓р╕Др╕╕р╣Йр╕бр╕Др╣Ир╕▓р╕Др╕╕р╣Йр╕бр╕Др╣Ир╕▓р╕Др╕╕р╣Йр╕бр╕Др╣Ир╕▓р╕Др╕╕р╣Йр╕бр╕Др╣Ир╕▓р╕Др╣Ир╕▓р╕Др╕╕р╣Йр╕бр╕Др╣Ир╕▓р╕Ир╕▒р╕Фр╕кр╣Ир╕Зр╕гр╕зр╕Фр╣Ар╕гр╣Зр╕зр╕Др╕╕р╕Ур╕ар╕▓р╕Юр╕Фр╕╡р╕Др╕╕р╕Ур╕ар╕▓р╕Юр╕Фр╕╡ #р╕Вр╕╡р╣Йр╣Ар╕Бр╕╡р╕вр╕Ир╕лр╕▓р╕гр╕╣р╕Ыр╕ар╕▓р╕Ю,1
р╣Ар╕вр╕╡р╣Ир╕вр╕бр╕бр╕бр╕бр╕бр╕бр╕бр╣Ар╕вр╕╡р╣Ир╕вр╕бр╣Ар╕вр╕╡р╣Ир╕вр╕бр╕бр╕бр╕бр╕бр╕бр╕бр╣Ар╕вр╕╡р╣Ир╕вр╕бр╣Ар╕вр╕╡р╣Ир╕вр╕бр╕бр╕бр╕бр╕бр╕бр╕бр╣Ар╕вр╕╡р╣Ир╕вр╕бр╣Ар╕вр╕╡р╣Ир╕вр╕бр╕бр╕бр╕бр╕бр╕бр╕бр╣Ар╕вр╕╡р╣Ир╕вр╕бр╣Ар╕вр╕╡р╣Ир╕вр╕бр╕бр╕бр╕бр╕бр╕бр╕бр╣Ар╕вр╕╡р╣Ир╕вр╕бр╣Ар╕вр╕╡р╣Ир╕вр╕бр╕бр╕бр╕бр╕бр╕бр╕бр╣Ар╕вр╕╡р╣Ир╕вр╕б,1
р╕Хр╕гр╕Зр╕Ыр╕Бр╕Бр╣З ok р╕Фр╕╡р╕бр╕▓р╕Бр╕Фр╕╡р╕Хр╕гр╕Зр╕Ыр╕Бр╣Бр╕Хр╣Ир╕Ър╕▓р╕Зр╕Щр╕┤р╕Фр╕лр╕Щр╣Ир╕нр╕вр╣Др╕бр╣Ир╣Ар╕Ыр╣Зр╕Щр╣Др╕гр╕Цр╕╖р╕нр╕зр╣Ир╕▓р╕Др╕╕р╣Йр╕бр╕Др╣Ир╕▓р╕Бр╕▒р╕Ър╕гр╕▓р╕Др╕▓р╣Ар╕лр╕бр╕▓р╕░р╕кр╕б ok р╕Фр╕╡р╕бр╕▓р╕Бр╕Др╣Ир╕░ р╣Др╕бр╣Ир╣Др╕Фр╣Йр╕гр╕нр╕кр╕┤р╕Щр╕Др╣Йр╕▓р╕Щр╕▓р╕Щ,0
р╕лр╕бр╕зр╕Бр╕кр╕зр╕вр╕Фр╕╡р╕Др╣Ир╕░тАЛ р╕кр╕╡р╕кр╕зр╕вр╣Ар╕Щр╕╖р╣Йр╕нр╕Ьр╣Йр╕▓р╕Фр╕╡тАЛ р╣Др╕Лр╕гр╣Мр╕Фр╕╣р╕Ир╕░р╣Гр╕лр╕Нр╣Ир╕Бр╕зр╣Ир╕▓р╕Ыр╕Бр╕Хр╕┤тАЛ р╣Бр╕Хр╣Ир╕кр╕▓р╕вр╕Ыр╕гр╕▒р╕Ър╣Гр╕лр╣ЙтАЛ р╕Ир╕▒р╕Фр╕кр╣Ир╕Зр╕Вр╕нр╕Зр╣Др╕зр╕бр╕▓р╕Бр╕Др╣Ир╕░тАЛ р╕гр╕зр╕бр╣Жр╣Бр╕ер╣Йр╕зр╣Гр╕Кр╣Ир╣Др╕Фр╣Йр╕Др╣Ир╕░тАЛ р╕гр╕▓р╕Др╕▓р╕Бр╣Зр╕Фр╕╡,0
р╕гр╕▓р╕Др╕▓р╕Цр╕╣р╕Б р╕кр╣Ир╕Зр╣Ар╕гр╣Зр╕зр╕нр╕вр╕╣р╣Ир╕Щр╕░ р╕гр╕нр╕кр╕┤р╕Щр╕Др╣Йр╕▓р╕Ыр╕гр╕░р╕бр╕▓р╕У 3 р╕зр╕▒р╕Щ р╣Бр╕Хр╣Ир╣Др╕бр╣Ир╣Ар╕Ыр╣Зр╕Щр╕Чр╕гр╕З р╕Ьр╣Йр╕▓р╣Бр╕нр╕Ър╕Чр╕┤р╣Йр╕Зр╕Хр╕▒р╕з р╣Бр╕Хр╣Ир╕кр╕зр╕вр╕Др╣Ир╕░ р╣Ар╕лр╕бр╕▓р╕░р╕кр╕бр╕Бр╕▒р╕Ър╕гр╕▓р╕Др╕▓ р╕бр╕╡р╕Фр╣Йр╕▓р╕вр╕гр╕╕р╣Йр╕вр╕Щр╕┤р╕Фр╕лр╕Щр╣Ир╕нр╕в р╣Гр╕Кр╣Йр╣Вр╕Др╣Кр╕Фр╕кр╣Ир╕Зр╕Яр╕гр╕╡р╣Др╕Фр╣Йр╕Ыр╕гр╕▒р╕Ър╕Вр╕Щр╕▓р╕Фр╣Др╕Фр╣Йр╕Хр╕▓р╕бр╕Хр╣Йр╕нр╕Зр╕Бр╕▓р╕гр╣Ар╕ер╕в р╕Др╕╕р╣Йр╕бр╕Бр╕▒р╕Ър╕гр╕▓р╕Др╕▓р╕Др╣Ир╕░,0
р╣Др╕Фр╣Йр╕гр╕▒р╕Ър╣Бр╕ер╣Йр╕зр╕Др╣Ир╕░ р╕кр╕┤р╕Щр╕Др╣Йр╕▓р╕Фр╕╡ р╕кр╕зр╕в р╕Хр╕гр╕Зр╕Ыр╕Б р╣Др╕Фр╣Йр╕Др╕гр╕Ър╕Хр╕▓р╕бр╕Чр╕╡р╣Ир╕кр╕▒р╣Ир╕З р╕Ыр╕гр╕▒р╕Ър╣Др╕Фр╣Йр╕гр╕▓р╕Др╕▓р╣Др╕бр╣Ир╣Бр╕Юр╕Зр╣Ар╕ер╕в р╕Цр╕╣р╕Бр╣Гр╕Ир╕бр╕▓р╕Бр╣Жр╣Жр╕гр╣Йр╕▓р╕Щр╕Ир╕▒р╕Фр╕кр╣Ир╕Зр╣Др╕зр╣Бр╕Юр╣Зр╕Др╕Вр╕нр╕Зр╕бр╕▓р╕Фр╕╡р╕Вр╕Щр╕кр╣Ир╕Зр╕Ър╕гр╕┤р╕Бр╕▓р╕гр╕Фр╕╡р╕бр╕▓р╕Бр╣Жр╣Жр╣Жр╣Жр╣Жр╕Ир╕▒р╕Фр╕кр╣Ир╕Зр╣Гр╕лр╣Йр╣Др╕з,0
р╕Бр╣З...р╕Хр╕▓р╕бр╕гр╕▓р╕Др╕▓р╕Щр╕░р╕Др╕▒р╕Ъ р╣Др╕бр╣Ир╣Др╕Фр╣Йр╕Др╕▓р╕Фр╕лр╕зр╕▒р╕Зр╕бр╕▓р╕Б р╕Ьр╣Йр╕▓р╕Щр╕┤р╣Ир╕бр╣Ж р╕Чр╕гр╕Зр╕вр╣Йр╕зр╕вр╣Жр╕лр╕Щр╣Ир╕нр╕в р╣Др╕бр╣Ир╕Хр╕гр╕Зр╕Ыр╕Бр╕Бр╕▒р╕Ър╕гр╕╣р╕Ыр╕Чр╕╡р╣Ир╕ер╕Зр╣Др╕зр╣Й р╣Ар╕Юр╕гр╕▓р╕░р╣Бр╕Щр╕зр╕Фр╣Йр╕▓р╕в р╣Гр╕Щр╕лр╕бр╕зр╕Бр╕Ир╕гр╕┤р╕Зр╕бр╕╡ 4 р╣Бр╕Цр╕з р╣Бр╕Хр╣Ир╣Гр╕Щр╕гр╕╣р╕Ыр╕бр╕╡ 5 р╣Бр╕Цр╕з р╕нр╕▓р╕Ир╕Ир╕░р╣Ар╕Ыр╣Зр╕Щр╕Вр╕нр╕Зр╣Ар╕ер╕╡р╕вр╕Щр╣Бр╕Ър╕Ъ р╣Бр╕Хр╣Ир╕Бр╣Зр╣Ар╕нр╕▓р╣Др╕зр╣Йр╣Гр╕кр╣Ир╕Ър╕▒р╕Зр╣Бр╕Фр╕Фр╣Др╕Фр╣Й р╣Гр╕Кр╣Йр╣Ар╕зр╕ер╕▓р╕кр╣Ир╕Зр╕Вр╕нр╕Зр╣Др╕бр╣Ир╕Щр╕▓р╕Щр╕Др╕▒р╕Ър╕Ыр╕гр╕░р╕бр╕▓р╕У 2-3 р╕зр╕▒р╕Щ,0
р╕Чр╕гр╕Зр╕лр╕бр╕зр╕Бр╕кр╕зр╕вр╕Др╣Ир╕░ р╣Бр╕Хр╣Ир╕Ьр╣Йр╕▓р╕Ър╕▓р╕Зр╕Бр╕зр╣Ир╕▓р╕Чр╕╡р╣Ир╕Др╕┤р╕Фр╣Др╕Ыр╕лр╕Щр╣Ир╕нр╕в р╣Бр╕Хр╣Ир╕Щр╕нр╕Бр╕Щр╕▒р╣Йр╕Щр╕Бр╣Зр╣Вр╕нр╣Ар╕Др╕лр╕бр╕Фр╣Ар╕ер╕вр╕Др╣Ир╕░ р╕гр╕▓р╕Др╕▓р╣Др╕бр╣Ир╣Бр╕Юр╕З р╣Бр╕Цр╕бр╕бр╕╡р╣Гр╕лр╣Йр╣Ар╕ер╕╖р╕нр╕Бр╕лр╕ер╕▓р╕вр╣Бр╕Ър╕Ъ р╕Ир╕гр╕┤р╕Зр╣Ж р╕Хр╣Йр╕нр╕Зр╣Др╕Фр╣Йр╕Вр╕нр╕Зр╕Хр╕▒р╣Йр╕Зр╣Бр╕Хр╣И 2 р╕зр╕▒р╕Щр╕Чр╕╡р╣Ир╣Бр╕ер╣Йр╕з р╣Бр╕Хр╣Ир╕Вр╕Щр╕кр╣Ир╕Зр╕Щр╣Ир╕▓р╕Ир╕░р╣Др╕бр╣Ир╕Др╣Ир╕нр╕вр╕Кр╕│р╕Щр╕▓р╕Нр╕Чр╕▓р╕З р╣Вр╕Чр╕гр╕бр╕▓р╕Цр╕▓р╕бр╕Бр╕╡р╣Ир╕гр╕нр╕Ър╕Бр╣Зр╣Др╕бр╣Ир╕гр╕╣р╣Йр╣Ар╕гр╕╖р╣Ир╕нр╕З р╣Ар╕ер╕вр╣Др╕Фр╣Йр╕гр╕▒р╕Ър╕Вр╕нр╕Зр╕Кр╣Йр╕▓р╕Др╣И,0
р╕Фр╕нр╕Бр╕Ир╕▓р╕Щр╕Ър╕▓р╕Щр╣Бр╕ер╣Йр╕зр╕Чр╕▒р╣Ир╕зр╕Чр╣Йр╕нр╕Зр╕Щр╕▓ р╕Хр╣Йр╕Щр╣Ар╕Фр╕╖р╕нр╕Щр╕Бр╕╕р╕бр╕ар╕▓ р╕бр╕╡р╕Щр╕▓ р╣Ар╕бр╕йр╕▓р╕вр╕Щ р╕Др╕╢р╕Фр╕ор╕нр╕Фр╕Вр╕зр╕▒р╕Нр╣Гр╕Ир╕Др╕Щр╕Ир╕Щ р╕Чр╕╡р╣Ир╣Ар╕Др╕вр╕Ыр╕╡р╕Щр╕Хр╣Йр╕Щ р╕Фр╕нр╕Бр╕Ир╕▓р╕Щр╕лр╕зр╕▓р╕Щр╣Гр╕И р╕Фр╕нр╕Бр╕Ир╕▓р╕Щр╕Ър╕▓р╕Щр╣Ар╕бр╕╖р╣Ир╕нр╕Ыр╕╡р╕Бр╕ер╕▓р╕в р╕Юр╕╡р╣Ир╕вр╕▒р╕Зр╕Ир╕│р╣Др╕Фр╣Йр╣Гр╕Хр╣Йр╕Хр╣Йр╕Щр╕Бр╕гр╕░р╣Вр╕Фр╕Щ р╕кр╕▒р╕Нр╕Нр╕▓р╕ор╕▒р╕Бр╕нр╕вр╕╣р╣Ир╕Вр╣Йр╕▓р╕Зр╕Бр╕нр╕Зр╣Вр╕Юр╕Щ р╕Щр╣Йр╕│р╕Хр╕▓р╕Ир╕░р╕лр╕ер╣Ир╕Щ р╕Др╕┤р╕Фр╕Цр╕╢р╕Зр╕Др╕Щр╕гр╕▒р╕Бр╣Ар╕Фр╕┤р╕б р╣Др╕Ыр╣Др╕кр╕лр╕Щр╕нр╕Щр╕зр╕ер╕Щр╣Йр╕нр╕Зр╕лр╕ер╣Йр╕▓ р╣Ар╕Ир╣Йр╕▓р╕Ър╣Ир╕бр╕▓р╕кр╕▒р╕Нр╕Нр╕▓р╣Ар╕Юр╕┤р╣Ир╕бр╣Ар╕Хр╕┤р╕б р╕Фр╕нр╕Бр╕Ир╕▓р╕Щр╕Ър╕▓р╕Щр╕Бр╕ер╕▓р╕Зр╕Чр╕╕р╣Ир╕Зр╣Ар╕Фр╕┤р╕б р╕Чр╕╡р╣Ир╣Ар╕гр╕▓р╣Ар╕Др╕вр╣Ар╕гр╕┤р╣Ир╕бр╕кр╕Ър╕Хр╕▓р╕кр╕▒р╕бр╕Юр╕▒р╕Щр╕Шр╣М,1
р╕Ир╕▒р╕Фр╕кр╣Ир╕Зр╣Др╕з р╣Бр╕Юр╕Др╕кр╕┤р╕Щр╕Др╣Йр╕▓р╕бр╕▓р╕нр╕вр╣Ир╕▓р╕Зр╕Фр╕╡ р╕гр╕▓р╕Др╕▓р╕Цр╕╣р╕Б р╕Ыр╕гр╕░р╕лр╕вр╕▒р╕Ф р╕кр╕┤р╕Щр╕Др╣Йр╕▓р╕Хр╕гр╕Зр╕Ыр╕Б р╕Др╕╕р╣Йр╕бр╕бр╕▓р╕Бр╣Жр╕Др╣Ир╕░ р╕гр╣Йр╕▓р╕Щр╕Ър╕гр╕┤р╕Бр╕▓р╕гр╕Фр╕╡ р╕Др╕╕р╣Йр╕бр╕кр╕╕р╕Фр╣Ж р╕гр╕▓р╕Др╕▓р╕Цр╕╣р╕Бр╕Бр╕зр╣Ир╕▓р╕лр╣Йр╕▓р╕Зр╣Бр╕ер╕░р╕Чр╣Йр╕нр╕Зр╕Хр╕ер╕▓р╕Ф р╕Кр╕нр╕Ър╕бр╕▓р╕Бр╣Жр╕Др╣Ир╕░ р╣Др╕зр╣Йр╕нр╕╕р╕Фр╕лр╕Щр╕╕р╕Щр╕нр╕╡р╕Бр╕Щр╕░р╕Др╕░,0
р╕лр╕бр╕зр╕Бр╣Ар╕лр╕бр╕▓р╕░р╕кр╕бр╕Бр╕▒р╕Ър╕гр╕▓р╕Др╕▓р╕Др╣Ир╕░ р╣Ар╕Щр╕╖р╣Йр╕нр╕Ьр╣Йр╕▓р╕Ир╕░р╕нр╕нр╕Бр╕ер╕╖р╣Ир╕Щр╣Жр╕бр╕▒р╕Щр╣Жр╕Щр╕┤р╕Фр╕Щр╕╢р╕З р╕Хр╕нр╕Щр╣Бр╕гр╕Бр╣Ар╕Вр╣Йр╕▓р╣Гр╕Ир╕зр╣Ир╕▓р╕Ир╕░р╣Ар╕Ыр╣Зр╕Щр╕Ьр╣Йр╕▓р╣Бр╕Ър╕Ър╕лр╕бр╕зр╕Бр╕нр╕╡р╕Бр╣Ар╕Лр╣Йр╕Хр╕Щр╕╢р╕З р╣Бр╕Хр╣Ир╕Бр╣Зр╣Ар╕лр╕бр╕▓р╕░р╕кр╕бр╕Бр╕▒р╕Ър╕гр╕▓р╕Др╕▓р╕Ыр╕гр╕░р╕бр╕▓р╕Ур╕Щр╕╡р╣Йр╕Др╣Ир╕░ р╣Ар╕Юр╕гр╕▓р╕░р╕Цр╕╣р╕Бр╕бр╕▓р╕Бр╕Ир╕гр╕┤р╕Зр╣Ж р╕гр╣Йр╕▓р╕Щр╕Др╣Йр╕▓р╕Ир╕▒р╕Фр╕кр╣Ир╕Зр╣Гр╕лр╣Йр╣Др╕зр╕Др╣Ир╕░ р╕кр╕▒р╣Ир╕Зр╕Лр╕╖р╣Йр╕н 11/3/65 р╣Др╕Фр╣Йр╕гр╕▒р╕Ъ 13/3/65,0
р╕кр╣Ир╕Зр╣Ар╕гр╣Зр╕зр╕Ир╕гр╕┤р╕Зр╣Ж р╕зр╕▒р╕Щр╣Ар╕Фр╕╡р╕вр╕зр╣Др╕Фр╣Йр╕Вр╕нр╕Зр╣Ар╕ер╕в р╕Др╕╕р╕Ур╕ар╕▓р╕Юр╣Ар╕лр╕бр╕▓р╕░р╕кр╕бр╕Бр╕▒р╕Ър╕гр╕▓р╕Др╕▓ р╕бр╕╡р╣Ар╕кр╣Йр╕Щр╕Фр╣Йр╕▓р╕вр╕нр╕нр╕Бр╕бр╕▓р╕Щр╕┤р╕Фр╕лр╕Щр╣Ир╕нр╕вр╣Бр╕Хр╣Ир╕Хр╕▒р╕Фр╕нр╕нр╕Бр╣Др╕Фр╣Й р╕кр╕╡р╕Щр╣Ир╕▓р╕гр╕▒р╕Бр╕Хр╕гр╕Зр╕Хр╕▓р╕бр╣Гр╕Щр╕гр╕╣р╕Ы,0
р╣Бр╕Юр╕Др╕бр╕▓р╕Фр╕╡ р╕Ир╕▒р╕Фр╕кр╣Ир╕Зр╣Ар╕гр╣Зр╕з р╕Хр╕гр╕Зр╕Ыр╕Б р╣Др╕Фр╣Йр╕гр╕▒р╕Ър╕кр╕┤р╕Щр╕Др╣Йр╕▓р╕Др╕гр╕Ър╕Цр╣Йр╕зр╕Щ р╣Бр╕Юр╕Др╕бр╕▓р╕Фр╕╡ р╕Ир╕▒р╕Фр╕кр╣Ир╕Зр╣Ар╕гр╣Зр╕з р╕Хр╕гр╕Зр╕Ыр╕Б р╣Др╕Фр╣Йр╕гр╕▒р╕Ър╕кр╕┤р╕Щр╕Др╣Йр╕▓р╕Др╕гр╕Ър╕Цр╣Йр╕зр╕Щ р╣Бр╕Юр╕Др╕бр╕▓р╕Фр╕╡ р╕Ир╕▒р╕Фр╕кр╣Ир╕Зр╣Ар╕гр╣Зр╕з р╕Хр╕гр╕Зр╕Ыр╕Б р╣Др╕Фр╣Йр╕гр╕▒р╕Ър╕кр╕┤р╕Щр╕Др╣Йр╕▓р╕Др╕гр╕Ър╕Цр╣Йр╕зр╕Щ р╣Бр╕Юр╕Др╕бр╕▓р╕Фр╕╡ р╕Ир╕▒р╕Фр╕кр╣Ир╕Зр╣Ар╕гр╣Зр╕з р╕Хр╕гр╕Зр╕Ыр╕Б р╣Др╕Фр╣Йр╕гр╕▒р╕Ър╕кр╕┤р╕Щр╕Др╣Йр╕▓р╕Др╕гр╕Ър╕Цр╣Йр╕зр╕Щ р╣Бр╕Юр╕Др╕бр╕▓р╕Фр╕╡ р╕Ир╕▒р╕Фр╕кр╣Ир╕Зр╣Ар╕гр╣Зр╕з р╕Хр╕гр╕Зр╕Ыр╕Б р╣Др╕Фр╣Йр╕гр╕▒р╕Ър╕кр╕┤р╕Щр╕Др╣Йр╕▓р╕Др╕гр╕Ър╕Цр╣Йр╕зр╕Щ,1
р╕Щр╣Йр╕▓р╕гр╕▒р╕Бр╕Фр╕╡р╕Др╣Ир╕░ р╕кр╕▒р╣Ир╕Зр╕гр╕нр╕Ър╕Чр╕╡р╣Ир╕кр╕нр╕Зр╣Бр╕ер╣Йр╕з р╕гр╕нр╕Ър╣Бр╕гр╕Бр╕кр╕╡р╕Щр╣Йр╕│р╣Ар╕Зр╕┤р╕Щ р╕гр╕нр╕Ър╕Щр╕╡р╣Йр╕кр╕▒р╣Ир╕Зр╣Ар╕лр╕ер╕╖р╕нр╕З р╣Ар╕Юр╕гр╕▓р╕░р╣Гр╕кр╣Ир╣Ар╕лр╕ер╕╖р╕нр╕Зр╣Бр╕ер╣Йр╕зр╕Чр╕гр╕Зр╕Юр╕ер╕▒р╕З р╕гр╕▓р╕Др╕▓р╕гр╕зр╕бр╕кр╣Ир╕Зр╣Бр╕Др╣И50 р╕Ър╕▓р╕Чр╣Ар╕нр╕Зр╣Др╕зр╣Йр╣Гр╕кр╣Ир╕Цр╣Ир╕▓р╕вр╕гр╕╣р╕Ыр╣Ар╕Бр╕гр╣Лр╣Жр╕Бр╕╣р╣Йр╕Ф,0
р╣Гр╕Щр╕вр╕╕р╕Др╣Ар╕Чр╕Др╣Вр╕Щр╣Вр╕ер╕вр╕╡р╕Чр╕╡р╣Ир╣Ар╕Вр╣Йр╕▓р╕бр╕▓р╕бр╕╡р╕кр╣Ир╕зр╕Щр╣Гр╕Щр╕Кр╕╡р╕зр╕┤р╕Хр╕Ыр╕гр╕░р╕Ир╕│р╕зр╕▒р╕Щр╕Вр╕нр╕Зр╣Ар╕гр╕▓ р╣Ар╕Бр╕┤р╕Фр╕Др╕│р╕ир╕▒р╕Юр╕Чр╣Мр╣Гр╕лр╕бр╣Ир╕Фр╣Йр╕▓р╕Щр╕Бр╕▓р╕гр╣Вр╕Жр╕йр╕Ур╕▓р╕Чр╕╡р╣Ир╣Ар╕гр╕╡р╕вр╕Бр╕зр╣Ир╕▓р╕гр╕╡р╕зр╕┤р╕з (review) р╕гр╕╡р╕зр╕┤р╕зр╣Ар╕Ыр╣Зр╕Щр╕ир╕▒р╕Юр╕Чр╣Мр╕ар╕▓р╕йр╕▓р╕нр╕▒р╕Зр╕Бр╕др╕йр╕Чр╕╡р╣Ир╣Бр╕Ыр╕ер╕зр╣Ир╕▓ р╕Чр╕Ър╕Чр╕зр╕Щ р╕Лр╕╢р╣Ир╕Зр╕Бр╣Зр╕Др╕╖р╕нр╕Бр╕▓р╕гр╕гр╕╡р╕зр╕┤р╕зр╕Др╕╖р╕нр╕Бр╕▓р╕гр╕гр╕╡р╕зр╕┤р╕зр╕нр╕░р╣Др╕гр╕Ър╣Йр╕▓р╕З р╕гр╕╡р╕зр╕┤р╕зр╕кр╕┤р╕Щр╕Др╣Йр╕▓ р╕гр╕┤р╕зр╕┤р╕зр╕кр╕▓р╕бр╕▓р╕гр╕Цр╕Чр╕│р╣Др╕Фр╣Йр╕лр╕ер╕▓р╕вр╣Бр╕Ър╕Ър╕Чр╕▒р╣Йр╕З р╕гр╕╡р╕зр╕┤р╕зр╕кр╕┤р╕Щр╕Др╣Йр╕▓ р╕гр╕╡р╕зр╕┤р╕зр╕Шр╕╕р╕гр╕Бр╕┤р╕И р╕лр╕гр╕╖р╕нр╕гр╕╡р╕зр╕┤р╕зр╕ар╕▓р╕Юр╕гр╕зр╕бр╕Вр╕нр╕Зр╕Шр╕╕р╕гр╕Бр╕┤р╕Ир╕зр╣Ир╕▓ р╕Шр╕╕р╕гр╕Бр╕┤р╕Ир╕Вр╕нр╕Зр╣Ар╕гр╕▓р╕Щр╕│р╣Ар╕кр╕Щр╕нр╣Гр╕Щр╕гр╕╣р╕Ыр╣Бр╕Ър╕Ър╣Г,1